{
	"dynPlaceable": {
		"dynVisualList": {
			"Id": "4611686038108070010",
			"type": "List",
			"value": {
				"list": [
					{
						"dynPosition": {
							"Id": "4611686038108070005",
							"type": "Vector3",
							"value": {
								"x": -0.44940000772476196,
								"y": 0.06530000269412994,
								"z": 0.22310000658035278
							}
						},
						"dynRotation": {
							"Id": "4611686038108070006",
							"type": "Vector3",
							"value": {
								"x": 0,
								"y": -90,
								"z": 0
							}
						},
						"dynScale": {
							"Id": "4611686038108070007",
							"type": "Vector3",
							"value": {
								"x": 0.24220000207424164,
								"y": 0.6665999889373779,
								"z": 0.6466000080108643
							}
						},
						"dynVisualFqn": {
							"Id": "4611686038125770001",
							"type": "String",
							"value": "/art/static/area/oss_ossus/arch/oss_arch_temple_attachment_pieces_trim.gr2"
						},
						"dynVisualName": {
							"Id": "4611686039107870012",
							"type": "String",
							"value": "oss_arch_temple_attachment_pieces_trim"
						},
						"4611686309241734002": {
							"Id": "4611686309241734002",
							"type": "LookupList",
							"value": {
								"On": {
									"Id": "On",
									"type": "Class",
									"value": {
										"dynState": {
											"Id": "4611686038108070002",
											"type": "Integer",
											"value": "3"
										}
									}
								}
							}
						},
						"4611686309969034000": {
							"Id": "4611686309969034000",
							"type": "Boolean",
							"value": ""
						},
						"4611686359083027001": {
							"Id": "4611686359083027001",
							"type": "Enum",
							"value": "dynPropTypeGR2"
						},
						"4611686359132287000": {
							"Id": "4611686359132287000",
							"type": "LookupList",
							"value": {
								"13216694345345269136": {
									"Id": "13216694345345269136",
									"type": "String",
									"value": ""
								},
								"16009831945395381178": {
									"Id": "16009831945395381178",
									"type": "String",
									"value": "CASTING_ALWAYS"
								},
								"18381402898764148109": {
									"Id": "18381402898764148109",
									"type": "String",
									"value": "CASTING_ALWAYS"
								}
							}
						},
						"4611686359132287001": {
							"Id": "4611686359132287001",
							"type": "LookupList",
							"value": {}
						},
						"4611686359132287002": {
							"Id": "4611686359132287002",
							"type": "LookupList",
							"value": {}
						},
						"4611686359132287003": {
							"Id": "4611686359132287003",
							"type": "LookupList",
							"value": {}
						},
						"4611686359132287004": {
							"Id": "4611686359132287004",
							"type": "LookupList",
							"value": {}
						}
					},
					{
						"dynPosition": {
							"Id": "4611686038108070005",
							"type": "Vector3",
							"value": {
								"x": -0.44839000701904297,
								"y": 0.07039999961853027,
								"z": 0.22470000386238098
							}
						},
						"dynRotation": {
							"Id": "4611686038108070006",
							"type": "Vector3",
							"value": {
								"x": 0,
								"y": -90,
								"z": -180
							}
						},
						"dynScale": {
							"Id": "4611686038108070007",
							"type": "Vector3",
							"value": {
								"x": 0.24220000207424164,
								"y": 0.6665999889373779,
								"z": 0.6466000080108643
							}
						},
						"dynVisualFqn": {
							"Id": "4611686038125770001",
							"type": "String",
							"value": "/art/static/area/oss_ossus/arch/oss_arch_temple_attachment_pieces_trim.gr2"
						},
						"dynVisualName": {
							"Id": "4611686039107870012",
							"type": "String",
							"value": "oss_arch_temple_attachment_pieces_trim1"
						},
						"4611686309241734002": {
							"Id": "4611686309241734002",
							"type": "LookupList",
							"value": {
								"On": {
									"Id": "On",
									"type": "Class",
									"value": {
										"dynState": {
											"Id": "4611686038108070002",
											"type": "Integer",
											"value": "3"
										}
									}
								}
							}
						},
						"4611686309969034000": {
							"Id": "4611686309969034000",
							"type": "Boolean",
							"value": ""
						},
						"4611686359083027001": {
							"Id": "4611686359083027001",
							"type": "Enum",
							"value": "dynPropTypeGR2"
						},
						"4611686359132287000": {
							"Id": "4611686359132287000",
							"type": "LookupList",
							"value": {
								"13216694345345269136": {
									"Id": "13216694345345269136",
									"type": "String",
									"value": ""
								},
								"16009831945395381178": {
									"Id": "16009831945395381178",
									"type": "String",
									"value": "CASTING_ALWAYS"
								},
								"18381402898764148109": {
									"Id": "18381402898764148109",
									"type": "String",
									"value": "CASTING_ALWAYS"
								}
							}
						},
						"4611686359132287001": {
							"Id": "4611686359132287001",
							"type": "LookupList",
							"value": {}
						},
						"4611686359132287002": {
							"Id": "4611686359132287002",
							"type": "LookupList",
							"value": {}
						},
						"4611686359132287003": {
							"Id": "4611686359132287003",
							"type": "LookupList",
							"value": {}
						},
						"4611686359132287004": {
							"Id": "4611686359132287004",
							"type": "LookupList",
							"value": {}
						}
					},
					{
						"dynPosition": {
							"Id": "4611686038108070005",
							"type": "Vector3",
							"value": {
								"x": -0.2184000015258789,
								"y": 0.29899999499320984,
								"z": -0.019099999219179153
							}
						},
						"dynRotation": {
							"Id": "4611686038108070006",
							"type": "Vector3",
							"value": {
								"x": 0,
								"y": -180,
								"z": -180
							}
						},
						"dynScale": {
							"Id": "4611686038108070007",
							"type": "Vector3",
							"value": {
								"x": 0.5253999829292297,
								"y": 0.5253999829292297,
								"z": 0.5253999829292297
							}
						},
						"dynVisualFqn": {
							"Id": "4611686038125770001",
							"type": "String",
							"value": "/art/static/area/oss_ossus/arch/oss_arch_temple_attachment_pieces_trim.gr2"
						},
						"dynVisualName": {
							"Id": "4611686039107870012",
							"type": "String",
							"value": "oss_arch_temple_attachment_pieces_trim12"
						},
						"4611686309241734002": {
							"Id": "4611686309241734002",
							"type": "LookupList",
							"value": {
								"On": {
									"Id": "On",
									"type": "Class",
									"value": {
										"dynState": {
											"Id": "4611686038108070002",
											"type": "Integer",
											"value": "3"
										}
									}
								}
							}
						},
						"4611686309969034000": {
							"Id": "4611686309969034000",
							"type": "Boolean",
							"value": ""
						},
						"4611686359083027001": {
							"Id": "4611686359083027001",
							"type": "Enum",
							"value": "dynPropTypeGR2"
						},
						"4611686359132287000": {
							"Id": "4611686359132287000",
							"type": "LookupList",
							"value": {
								"13216694345345269136": {
									"Id": "13216694345345269136",
									"type": "String",
									"value": ""
								},
								"16009831945395381178": {
									"Id": "16009831945395381178",
									"type": "String",
									"value": "CASTING_ALWAYS"
								},
								"18381402898764148109": {
									"Id": "18381402898764148109",
									"type": "String",
									"value": "CASTING_ALWAYS"
								}
							}
						},
						"4611686359132287001": {
							"Id": "4611686359132287001",
							"type": "LookupList",
							"value": {}
						},
						"4611686359132287002": {
							"Id": "4611686359132287002",
							"type": "LookupList",
							"value": {}
						},
						"4611686359132287003": {
							"Id": "4611686359132287003",
							"type": "LookupList",
							"value": {}
						},
						"4611686359132287004": {
							"Id": "4611686359132287004",
							"type": "LookupList",
							"value": {}
						}
					},
					{
						"dynPosition": {
							"Id": "4611686038108070005",
							"type": "Vector3",
							"value": {
								"x": -0.2184000015258789,
								"y": 0.29899999499320984,
								"z": 0.22540000081062317
							}
						},
						"dynRotation": {
							"Id": "4611686038108070006",
							"type": "Vector3",
							"value": {
								"x": 0,
								"y": -180,
								"z": -180
							}
						},
						"dynScale": {
							"Id": "4611686038108070007",
							"type": "Vector3",
							"value": {
								"x": 0.5253999829292297,
								"y": 0.5253999829292297,
								"z": 0.5253999829292297
							}
						},
						"dynVisualFqn": {
							"Id": "4611686038125770001",
							"type": "String",
							"value": "/art/static/area/oss_ossus/arch/oss_arch_temple_attachment_pieces_trim.gr2"
						},
						"dynVisualName": {
							"Id": "4611686039107870012",
							"type": "String",
							"value": "oss_arch_temple_attachment_pieces_trim123"
						},
						"4611686309241734002": {
							"Id": "4611686309241734002",
							"type": "LookupList",
							"value": {
								"On": {
									"Id": "On",
									"type": "Class",
									"value": {
										"dynState": {
											"Id": "4611686038108070002",
											"type": "Integer",
											"value": "3"
										}
									}
								}
							}
						},
						"4611686309969034000": {
							"Id": "4611686309969034000",
							"type": "Boolean",
							"value": ""
						},
						"4611686359083027001": {
							"Id": "4611686359083027001",
							"type": "Enum",
							"value": "dynPropTypeGR2"
						},
						"4611686359132287000": {
							"Id": "4611686359132287000",
							"type": "LookupList",
							"value": {
								"13216694345345269136": {
									"Id": "13216694345345269136",
									"type": "String",
									"value": ""
								},
								"16009831945395381178": {
									"Id": "16009831945395381178",
									"type": "String",
									"value": "CASTING_ALWAYS"
								},
								"18381402898764148109": {
									"Id": "18381402898764148109",
									"type": "String",
									"value": "CASTING_ALWAYS"
								}
							}
						},
						"4611686359132287001": {
							"Id": "4611686359132287001",
							"type": "LookupList",
							"value": {}
						},
						"4611686359132287002": {
							"Id": "4611686359132287002",
							"type": "LookupList",
							"value": {}
						},
						"4611686359132287003": {
							"Id": "4611686359132287003",
							"type": "LookupList",
							"value": {}
						},
						"4611686359132287004": {
							"Id": "4611686359132287004",
							"type": "LookupList",
							"value": {}
						}
					},
					{
						"dynPosition": {
							"Id": "4611686038108070005",
							"type": "Vector3",
							"value": {
								"x": -0.2184000015258789,
								"y": 0.29899999499320984,
								"z": 0.1031000018119812
							}
						},
						"dynRotation": {
							"Id": "4611686038108070006",
							"type": "Vector3",
							"value": {
								"x": 0,
								"y": -180,
								"z": -180
							}
						},
						"dynScale": {
							"Id": "4611686038108070007",
							"type": "Vector3",
							"value": {
								"x": 0.5253999829292297,
								"y": 0.5253999829292297,
								"z": 0.5253999829292297
							}
						},
						"dynVisualFqn": {
							"Id": "4611686038125770001",
							"type": "String",
							"value": "/art/static/area/oss_ossus/arch/oss_arch_temple_attachment_pieces_trim.gr2"
						},
						"dynVisualName": {
							"Id": "4611686039107870012",
							"type": "String",
							"value": "oss_arch_temple_attachment_pieces_trim1234"
						},
						"4611686309241734002": {
							"Id": "4611686309241734002",
							"type": "LookupList",
							"value": {
								"On": {
									"Id": "On",
									"type": "Class",
									"value": {
										"dynState": {
											"Id": "4611686038108070002",
											"type": "Integer",
											"value": "3"
										}
									}
								}
							}
						},
						"4611686309969034000": {
							"Id": "4611686309969034000",
							"type": "Boolean",
							"value": ""
						},
						"4611686359083027001": {
							"Id": "4611686359083027001",
							"type": "Enum",
							"value": "dynPropTypeGR2"
						},
						"4611686359132287000": {
							"Id": "4611686359132287000",
							"type": "LookupList",
							"value": {
								"13216694345345269136": {
									"Id": "13216694345345269136",
									"type": "String",
									"value": ""
								},
								"16009831945395381178": {
									"Id": "16009831945395381178",
									"type": "String",
									"value": "CASTING_ALWAYS"
								},
								"18381402898764148109": {
									"Id": "18381402898764148109",
									"type": "String",
									"value": "CASTING_ALWAYS"
								}
							}
						},
						"4611686359132287001": {
							"Id": "4611686359132287001",
							"type": "LookupList",
							"value": {}
						},
						"4611686359132287002": {
							"Id": "4611686359132287002",
							"type": "LookupList",
							"value": {}
						},
						"4611686359132287003": {
							"Id": "4611686359132287003",
							"type": "LookupList",
							"value": {}
						},
						"4611686359132287004": {
							"Id": "4611686359132287004",
							"type": "LookupList",
							"value": {}
						}
					},
					{
						"dynPosition": {
							"Id": "4611686038108070005",
							"type": "Vector3",
							"value": {
								"x": -0.05469999834895134,
								"y": 0.836899995803833,
								"z": -0.12919999659061432
							}
						},
						"dynRotation": {
							"Id": "4611686038108070006",
							"type": "Vector3",
							"value": {
								"x": 0,
								"y": 180,
								"z": 0
							}
						},
						"dynScale": {
							"Id": "4611686038108070007",
							"type": "Vector3",
							"value": {
								"x": 0.542900025844574,
								"y": 0.542900025844574,
								"z": 0.542900025844574
							}
						},
						"dynVisualFqn": {
							"Id": "4611686038125770001",
							"type": "String",
							"value": "/art/static/area/oss_ossus/arch/oss_arch_ruins_jedi_statue_parts_arm.gr2"
						},
						"dynVisualName": {
							"Id": "4611686039107870012",
							"type": "String",
							"value": "oss_arch_ruins_jedi_statue_parts_arm"
						},
						"4611686309241734002": {
							"Id": "4611686309241734002",
							"type": "LookupList",
							"value": {
								"On": {
									"Id": "On",
									"type": "Class",
									"value": {
										"dynState": {
											"Id": "4611686038108070002",
											"type": "Integer",
											"value": "3"
										}
									}
								}
							}
						},
						"4611686309969034000": {
							"Id": "4611686309969034000",
							"type": "Boolean",
							"value": ""
						},
						"4611686359083027001": {
							"Id": "4611686359083027001",
							"type": "Enum",
							"value": "dynPropTypeGR2"
						},
						"4611686359132287000": {
							"Id": "4611686359132287000",
							"type": "LookupList",
							"value": {
								"13216694345345269136": {
									"Id": "13216694345345269136",
									"type": "String",
									"value": ""
								},
								"16009831945395381178": {
									"Id": "16009831945395381178",
									"type": "String",
									"value": "CASTING_ALWAYS"
								},
								"18381402898764148109": {
									"Id": "18381402898764148109",
									"type": "String",
									"value": "CASTING_ALWAYS"
								}
							}
						},
						"4611686359132287001": {
							"Id": "4611686359132287001",
							"type": "LookupList",
							"value": {}
						},
						"4611686359132287002": {
							"Id": "4611686359132287002",
							"type": "LookupList",
							"value": {}
						},
						"4611686359132287003": {
							"Id": "4611686359132287003",
							"type": "LookupList",
							"value": {}
						},
						"4611686359132287004": {
							"Id": "4611686359132287004",
							"type": "LookupList",
							"value": {}
						}
					},
					{
						"dynPosition": {
							"Id": "4611686038108070005",
							"type": "Vector3",
							"value": {
								"x": -0.2184000015258789,
								"y": 0.29899999499320984,
								"z": -0.13660000264644623
							}
						},
						"dynRotation": {
							"Id": "4611686038108070006",
							"type": "Vector3",
							"value": {
								"x": 0,
								"y": -180,
								"z": -180
							}
						},
						"dynScale": {
							"Id": "4611686038108070007",
							"type": "Vector3",
							"value": {
								"x": 0.5253999829292297,
								"y": 0.5253999829292297,
								"z": 0.5253999829292297
							}
						},
						"dynVisualFqn": {
							"Id": "4611686038125770001",
							"type": "String",
							"value": "/art/static/area/oss_ossus/arch/oss_arch_temple_attachment_pieces_trim.gr2"
						},
						"dynVisualName": {
							"Id": "4611686039107870012",
							"type": "String",
							"value": "oss_arch_temple_attachment_pieces_trim12345"
						},
						"4611686309241734002": {
							"Id": "4611686309241734002",
							"type": "LookupList",
							"value": {
								"On": {
									"Id": "On",
									"type": "Class",
									"value": {
										"dynState": {
											"Id": "4611686038108070002",
											"type": "Integer",
											"value": "3"
										}
									}
								}
							}
						},
						"4611686309969034000": {
							"Id": "4611686309969034000",
							"type": "Boolean",
							"value": ""
						},
						"4611686359083027001": {
							"Id": "4611686359083027001",
							"type": "Enum",
							"value": "dynPropTypeGR2"
						},
						"4611686359132287000": {
							"Id": "4611686359132287000",
							"type": "LookupList",
							"value": {
								"13216694345345269136": {
									"Id": "13216694345345269136",
									"type": "String",
									"value": ""
								},
								"16009831945395381178": {
									"Id": "16009831945395381178",
									"type": "String",
									"value": "CASTING_ALWAYS"
								},
								"18381402898764148109": {
									"Id": "18381402898764148109",
									"type": "String",
									"value": "CASTING_ALWAYS"
								}
							}
						},
						"4611686359132287001": {
							"Id": "4611686359132287001",
							"type": "LookupList",
							"value": {}
						},
						"4611686359132287002": {
							"Id": "4611686359132287002",
							"type": "LookupList",
							"value": {}
						},
						"4611686359132287003": {
							"Id": "4611686359132287003",
							"type": "LookupList",
							"value": {}
						},
						"4611686359132287004": {
							"Id": "4611686359132287004",
							"type": "LookupList",
							"value": {}
						}
					},
					{
						"dynPosition": {
							"Id": "4611686038108070005",
							"type": "Vector3",
							"value": {
								"x": -0.44839000701904297,
								"y": 0.07039999961853027,
								"z": -0.06629999727010727
							}
						},
						"dynRotation": {
							"Id": "4611686038108070006",
							"type": "Vector3",
							"value": {
								"x": 0,
								"y": -90,
								"z": -180
							}
						},
						"dynScale": {
							"Id": "4611686038108070007",
							"type": "Vector3",
							"value": {
								"x": 0.24220000207424164,
								"y": 0.6665999889373779,
								"z": 0.6466000080108643
							}
						},
						"dynVisualFqn": {
							"Id": "4611686038125770001",
							"type": "String",
							"value": "/art/static/area/oss_ossus/arch/oss_arch_temple_attachment_pieces_trim.gr2"
						},
						"dynVisualName": {
							"Id": "4611686039107870012",
							"type": "String",
							"value": "oss_arch_temple_attachment_pieces_trim123456"
						},
						"4611686309241734002": {
							"Id": "4611686309241734002",
							"type": "LookupList",
							"value": {
								"On": {
									"Id": "On",
									"type": "Class",
									"value": {
										"dynState": {
											"Id": "4611686038108070002",
											"type": "Integer",
											"value": "3"
										}
									}
								}
							}
						},
						"4611686309969034000": {
							"Id": "4611686309969034000",
							"type": "Boolean",
							"value": ""
						},
						"4611686359083027001": {
							"Id": "4611686359083027001",
							"type": "Enum",
							"value": "dynPropTypeGR2"
						},
						"4611686359132287000": {
							"Id": "4611686359132287000",
							"type": "LookupList",
							"value": {
								"13216694345345269136": {
									"Id": "13216694345345269136",
									"type": "String",
									"value": ""
								},
								"16009831945395381178": {
									"Id": "16009831945395381178",
									"type": "String",
									"value": "CASTING_ALWAYS"
								},
								"18381402898764148109": {
									"Id": "18381402898764148109",
									"type": "String",
									"value": "CASTING_ALWAYS"
								}
							}
						},
						"4611686359132287001": {
							"Id": "4611686359132287001",
							"type": "LookupList",
							"value": {}
						},
						"4611686359132287002": {
							"Id": "4611686359132287002",
							"type": "LookupList",
							"value": {}
						},
						"4611686359132287003": {
							"Id": "4611686359132287003",
							"type": "LookupList",
							"value": {}
						},
						"4611686359132287004": {
							"Id": "4611686359132287004",
							"type": "LookupList",
							"value": {}
						}
					},
					{
						"dynPosition": {
							"Id": "4611686038108070005",
							"type": "Vector3",
							"value": {
								"x": -0.44940000772476196,
								"y": 0.06530000269412994,
								"z": -0.06790000200271606
							}
						},
						"dynRotation": {
							"Id": "4611686038108070006",
							"type": "Vector3",
							"value": {
								"x": 0,
								"y": -90,
								"z": 0
							}
						},
						"dynScale": {
							"Id": "4611686038108070007",
							"type": "Vector3",
							"value": {
								"x": 0.24220000207424164,
								"y": 0.6665999889373779,
								"z": 0.6466000080108643
							}
						},
						"dynVisualFqn": {
							"Id": "4611686038125770001",
							"type": "String",
							"value": "/art/static/area/oss_ossus/arch/oss_arch_temple_attachment_pieces_trim.gr2"
						},
						"dynVisualName": {
							"Id": "4611686039107870012",
							"type": "String",
							"value": "oss_arch_temple_attachment_pieces_trim1234567"
						},
						"4611686309241734002": {
							"Id": "4611686309241734002",
							"type": "LookupList",
							"value": {
								"On": {
									"Id": "On",
									"type": "Class",
									"value": {
										"dynState": {
											"Id": "4611686038108070002",
											"type": "Integer",
											"value": "3"
										}
									}
								}
							}
						},
						"4611686309969034000": {
							"Id": "4611686309969034000",
							"type": "Boolean",
							"value": ""
						},
						"4611686359083027001": {
							"Id": "4611686359083027001",
							"type": "Enum",
							"value": "dynPropTypeGR2"
						},
						"4611686359132287000": {
							"Id": "4611686359132287000",
							"type": "LookupList",
							"value": {
								"13216694345345269136": {
									"Id": "13216694345345269136",
									"type": "String",
									"value": ""
								},
								"16009831945395381178": {
									"Id": "16009831945395381178",
									"type": "String",
									"value": "CASTING_ALWAYS"
								},
								"18381402898764148109": {
									"Id": "18381402898764148109",
									"type": "String",
									"value": "CASTING_ALWAYS"
								}
							}
						},
						"4611686359132287001": {
							"Id": "4611686359132287001",
							"type": "LookupList",
							"value": {}
						},
						"4611686359132287002": {
							"Id": "4611686359132287002",
							"type": "LookupList",
							"value": {}
						},
						"4611686359132287003": {
							"Id": "4611686359132287003",
							"type": "LookupList",
							"value": {}
						},
						"4611686359132287004": {
							"Id": "4611686359132287004",
							"type": "LookupList",
							"value": {}
						}
					},
					{
						"dynPosition": {
							"Id": "4611686038108070005",
							"type": "Vector3",
							"value": {
								"x": -0.07179000228643417,
								"y": 0.23579999804496765,
								"z": 0.22360000014305115
							}
						},
						"dynRotation": {
							"Id": "4611686038108070006",
							"type": "Vector3",
							"value": {
								"x": 90,
								"y": -90,
								"z": 0
							}
						},
						"dynScale": {
							"Id": "4611686038108070007",
							"type": "Vector3",
							"value": {
								"x": 0.8496999740600586,
								"y": 0.8496999740600586,
								"z": 0.8496999740600586
							}
						},
						"dynVisualFqn": {
							"Id": "4611686038125770001",
							"type": "String",
							"value": "/art/static/area/oss_ossus/arch/oss_arch_temple_attachment_pieces_support.gr2"
						},
						"dynVisualName": {
							"Id": "4611686039107870012",
							"type": "String",
							"value": "oss_arch_temple_attachment_pieces_support"
						},
						"4611686309241734002": {
							"Id": "4611686309241734002",
							"type": "LookupList",
							"value": {
								"On": {
									"Id": "On",
									"type": "Class",
									"value": {
										"dynState": {
											"Id": "4611686038108070002",
											"type": "Integer",
											"value": "3"
										}
									}
								}
							}
						},
						"4611686309969034000": {
							"Id": "4611686309969034000",
							"type": "Boolean",
							"value": ""
						},
						"4611686359083027001": {
							"Id": "4611686359083027001",
							"type": "Enum",
							"value": "dynPropTypeGR2"
						},
						"4611686359132287000": {
							"Id": "4611686359132287000",
							"type": "LookupList",
							"value": {
								"13216694345345269136": {
									"Id": "13216694345345269136",
									"type": "String",
									"value": ""
								},
								"16009831945395381178": {
									"Id": "16009831945395381178",
									"type": "String",
									"value": "CASTING_ALWAYS"
								},
								"18381402898764148109": {
									"Id": "18381402898764148109",
									"type": "String",
									"value": "CASTING_ALWAYS"
								}
							}
						},
						"4611686359132287001": {
							"Id": "4611686359132287001",
							"type": "LookupList",
							"value": {}
						},
						"4611686359132287002": {
							"Id": "4611686359132287002",
							"type": "LookupList",
							"value": {}
						},
						"4611686359132287003": {
							"Id": "4611686359132287003",
							"type": "LookupList",
							"value": {}
						},
						"4611686359132287004": {
							"Id": "4611686359132287004",
							"type": "LookupList",
							"value": {}
						}
					},
					{
						"dynPosition": {
							"Id": "4611686038108070005",
							"type": "Vector3",
							"value": {
								"x": -0.07179000228643417,
								"y": 0.23579999804496765,
								"z": -0.06759999692440033
							}
						},
						"dynRotation": {
							"Id": "4611686038108070006",
							"type": "Vector3",
							"value": {
								"x": 90,
								"y": -90,
								"z": 0
							}
						},
						"dynScale": {
							"Id": "4611686038108070007",
							"type": "Vector3",
							"value": {
								"x": 0.8496999740600586,
								"y": 0.8496999740600586,
								"z": 0.8496999740600586
							}
						},
						"dynVisualFqn": {
							"Id": "4611686038125770001",
							"type": "String",
							"value": "/art/static/area/oss_ossus/arch/oss_arch_temple_attachment_pieces_support.gr2"
						},
						"dynVisualName": {
							"Id": "4611686039107870012",
							"type": "String",
							"value": "oss_arch_temple_attachment_pieces_support1"
						},
						"4611686309241734002": {
							"Id": "4611686309241734002",
							"type": "LookupList",
							"value": {
								"On": {
									"Id": "On",
									"type": "Class",
									"value": {
										"dynState": {
											"Id": "4611686038108070002",
											"type": "Integer",
											"value": "3"
										}
									}
								}
							}
						},
						"4611686309969034000": {
							"Id": "4611686309969034000",
							"type": "Boolean",
							"value": ""
						},
						"4611686359083027001": {
							"Id": "4611686359083027001",
							"type": "Enum",
							"value": "dynPropTypeGR2"
						},
						"4611686359132287000": {
							"Id": "4611686359132287000",
							"type": "LookupList",
							"value": {
								"13216694345345269136": {
									"Id": "13216694345345269136",
									"type": "String",
									"value": ""
								},
								"16009831945395381178": {
									"Id": "16009831945395381178",
									"type": "String",
									"value": "CASTING_ALWAYS"
								},
								"18381402898764148109": {
									"Id": "18381402898764148109",
									"type": "String",
									"value": "CASTING_ALWAYS"
								}
							}
						},
						"4611686359132287001": {
							"Id": "4611686359132287001",
							"type": "LookupList",
							"value": {}
						},
						"4611686359132287002": {
							"Id": "4611686359132287002",
							"type": "LookupList",
							"value": {}
						},
						"4611686359132287003": {
							"Id": "4611686359132287003",
							"type": "LookupList",
							"value": {}
						},
						"4611686359132287004": {
							"Id": "4611686359132287004",
							"type": "LookupList",
							"value": {}
						}
					},
					{
						"dynPosition": {
							"Id": "4611686038108070005",
							"type": "Vector3",
							"value": {
								"x": 0.0020000000949949026,
								"y": 0.8213000297546387,
								"z": -0.18299999833106995
							}
						},
						"dynRotation": {
							"Id": "4611686038108070006",
							"type": "Vector3",
							"value": {
								"x": 0,
								"y": 180,
								"z": 0
							}
						},
						"dynScale": {
							"Id": "4611686038108070007",
							"type": "Vector3",
							"value": {
								"x": 0.1421000063419342,
								"y": 0.09200000017881393,
								"z": 0.1421000063419342
							}
						},
						"dynVisualFqn": {
							"Id": "4611686038125770001",
							"type": "String",
							"value": "/art/static/area/oss_ossus/item/oss_item_jedi_statue_saber.gr2"
						},
						"dynVisualName": {
							"Id": "4611686039107870012",
							"type": "String",
							"value": "oss_item_jedi_statue_saber"
						},
						"4611686309241734002": {
							"Id": "4611686309241734002",
							"type": "LookupList",
							"value": {
								"On": {
									"Id": "On",
									"type": "Class",
									"value": {
										"dynState": {
											"Id": "4611686038108070002",
											"type": "Integer",
											"value": "3"
										}
									}
								}
							}
						},
						"4611686309969034000": {
							"Id": "4611686309969034000",
							"type": "Boolean",
							"value": ""
						},
						"4611686359083027001": {
							"Id": "4611686359083027001",
							"type": "Enum",
							"value": "dynPropTypeGR2"
						},
						"4611686359132287000": {
							"Id": "4611686359132287000",
							"type": "LookupList",
							"value": {
								"13216694345345269136": {
									"Id": "13216694345345269136",
									"type": "String",
									"value": ""
								},
								"16009831945395381178": {
									"Id": "16009831945395381178",
									"type": "String",
									"value": "CASTING_ALWAYS"
								},
								"18381402898764148109": {
									"Id": "18381402898764148109",
									"type": "String",
									"value": "CASTING_ALWAYS"
								}
							}
						},
						"4611686359132287001": {
							"Id": "4611686359132287001",
							"type": "LookupList",
							"value": {}
						},
						"4611686359132287002": {
							"Id": "4611686359132287002",
							"type": "LookupList",
							"value": {}
						},
						"4611686359132287003": {
							"Id": "4611686359132287003",
							"type": "LookupList",
							"value": {}
						},
						"4611686359132287004": {
							"Id": "4611686359132287004",
							"type": "LookupList",
							"value": {}
						}
					},
					{
						"dynPosition": {
							"Id": "4611686038108070005",
							"type": "Vector3",
							"value": {
								"x": 0,
								"y": 0.4237000048160553,
								"z": -0.10000000149011612
							}
						},
						"dynRotation": {
							"Id": "4611686038108070006",
							"type": "Vector3",
							"value": {
								"x": 0,
								"y": -180,
								"z": 0
							}
						},
						"dynScale": {
							"Id": "4611686038108070007",
							"type": "Vector3",
							"value": {
								"x": 0.542900025844574,
								"y": 0.542900025844574,
								"z": 0.542900025844574
							}
						},
						"dynVisualFqn": {
							"Id": "4611686038125770001",
							"type": "String",
							"value": "/art/static/area/oss_ossus/arch/oss_arch_ruins_jedi_statue_parts_torso.gr2"
						},
						"dynVisualName": {
							"Id": "4611686039107870012",
							"type": "String",
							"value": "oss_arch_ruins_jedi_statue_parts_torso"
						},
						"4611686309241734002": {
							"Id": "4611686309241734002",
							"type": "LookupList",
							"value": {
								"On": {
									"Id": "On",
									"type": "Class",
									"value": {
										"dynState": {
											"Id": "4611686038108070002",
											"type": "Integer",
											"value": "3"
										}
									}
								}
							}
						},
						"4611686309969034000": {
							"Id": "4611686309969034000",
							"type": "Boolean",
							"value": ""
						},
						"4611686359083027001": {
							"Id": "4611686359083027001",
							"type": "Enum",
							"value": "dynPropTypeGR2"
						},
						"4611686359132287000": {
							"Id": "4611686359132287000",
							"type": "LookupList",
							"value": {
								"13216694345345269136": {
									"Id": "13216694345345269136",
									"type": "String",
									"value": ""
								},
								"16009831945395381178": {
									"Id": "16009831945395381178",
									"type": "String",
									"value": "CASTING_ALWAYS"
								},
								"18381402898764148109": {
									"Id": "18381402898764148109",
									"type": "String",
									"value": "CASTING_ALWAYS"
								}
							}
						},
						"4611686359132287001": {
							"Id": "4611686359132287001",
							"type": "LookupList",
							"value": {}
						},
						"4611686359132287002": {
							"Id": "4611686359132287002",
							"type": "LookupList",
							"value": {}
						},
						"4611686359132287003": {
							"Id": "4611686359132287003",
							"type": "LookupList",
							"value": {}
						},
						"4611686359132287004": {
							"Id": "4611686359132287004",
							"type": "LookupList",
							"value": {}
						}
					},
					{
						"dynPosition": {
							"Id": "4611686038108070005",
							"type": "Vector3",
							"value": {
								"x": 0,
								"y": 0.3555000126361847,
								"z": -0.10000000149011612
							}
						},
						"dynRotation": {
							"Id": "4611686038108070006",
							"type": "Vector3",
							"value": {
								"x": 0,
								"y": -180,
								"z": 0
							}
						},
						"dynScale": {
							"Id": "4611686038108070007",
							"type": "Vector3",
							"value": {
								"x": 0.542900025844574,
								"y": 0.542900025844574,
								"z": 0.542900025844574
							}
						},
						"dynVisualFqn": {
							"Id": "4611686038125770001",
							"type": "String",
							"value": "/art/static/area/oss_ossus/arch/oss_arch_ruins_jedi_statue_base.gr2"
						},
						"dynVisualName": {
							"Id": "4611686039107870012",
							"type": "String",
							"value": "oss_arch_ruins_jedi_statue_base"
						},
						"4611686309241734002": {
							"Id": "4611686309241734002",
							"type": "LookupList",
							"value": {
								"On": {
									"Id": "On",
									"type": "Class",
									"value": {
										"dynState": {
											"Id": "4611686038108070002",
											"type": "Integer",
											"value": "3"
										}
									}
								}
							}
						},
						"4611686309969034000": {
							"Id": "4611686309969034000",
							"type": "Boolean",
							"value": ""
						},
						"4611686359083027001": {
							"Id": "4611686359083027001",
							"type": "Enum",
							"value": "dynPropTypeGR2"
						},
						"4611686359132287000": {
							"Id": "4611686359132287000",
							"type": "LookupList",
							"value": {
								"13216694345345269136": {
									"Id": "13216694345345269136",
									"type": "String",
									"value": ""
								},
								"16009831945395381178": {
									"Id": "16009831945395381178",
									"type": "String",
									"value": "CASTING_ALWAYS"
								},
								"18381402898764148109": {
									"Id": "18381402898764148109",
									"type": "String",
									"value": "CASTING_ALWAYS"
								}
							}
						},
						"4611686359132287001": {
							"Id": "4611686359132287001",
							"type": "LookupList",
							"value": {}
						},
						"4611686359132287002": {
							"Id": "4611686359132287002",
							"type": "LookupList",
							"value": {}
						},
						"4611686359132287003": {
							"Id": "4611686359132287003",
							"type": "LookupList",
							"value": {}
						},
						"4611686359132287004": {
							"Id": "4611686359132287004",
							"type": "LookupList",
							"value": {}
						}
					},
					{
						"dynPosition": {
							"Id": "4611686038108070005",
							"type": "Vector3",
							"value": {
								"x": 0,
								"y": 0.8661999702453613,
								"z": -0.06729999929666519
							}
						},
						"dynRotation": {
							"Id": "4611686038108070006",
							"type": "Vector3",
							"value": {
								"x": 0,
								"y": -180,
								"z": 0
							}
						},
						"dynScale": {
							"Id": "4611686038108070007",
							"type": "Vector3",
							"value": {
								"x": 0.542900025844574,
								"y": 0.542900025844574,
								"z": 0.542900025844574
							}
						},
						"dynVisualFqn": {
							"Id": "4611686038125770001",
							"type": "String",
							"value": "/art/static/area/oss_ossus/arch/oss_arch_ruins_jedi_statue_parts_head.gr2"
						},
						"dynVisualName": {
							"Id": "4611686039107870012",
							"type": "String",
							"value": "oss_arch_ruins_jedi_statue_parts_head"
						},
						"4611686309241734002": {
							"Id": "4611686309241734002",
							"type": "LookupList",
							"value": {
								"On": {
									"Id": "On",
									"type": "Class",
									"value": {
										"dynState": {
											"Id": "4611686038108070002",
											"type": "Integer",
											"value": "3"
										}
									}
								}
							}
						},
						"4611686309969034000": {
							"Id": "4611686309969034000",
							"type": "Boolean",
							"value": ""
						},
						"4611686359083027001": {
							"Id": "4611686359083027001",
							"type": "Enum",
							"value": "dynPropTypeGR2"
						},
						"4611686359132287000": {
							"Id": "4611686359132287000",
							"type": "LookupList",
							"value": {
								"13216694345345269136": {
									"Id": "13216694345345269136",
									"type": "String",
									"value": ""
								},
								"16009831945395381178": {
									"Id": "16009831945395381178",
									"type": "String",
									"value": "CASTING_ALWAYS"
								},
								"18381402898764148109": {
									"Id": "18381402898764148109",
									"type": "String",
									"value": "CASTING_ALWAYS"
								}
							}
						},
						"4611686359132287001": {
							"Id": "4611686359132287001",
							"type": "LookupList",
							"value": {}
						},
						"4611686359132287002": {
							"Id": "4611686359132287002",
							"type": "LookupList",
							"value": {}
						},
						"4611686359132287003": {
							"Id": "4611686359132287003",
							"type": "LookupList",
							"value": {}
						},
						"4611686359132287004": {
							"Id": "4611686359132287004",
							"type": "LookupList",
							"value": {}
						}
					},
					{
						"dynScale": {
							"Id": "4611686038108070007",
							"type": "Vector3",
							"value": {
								"x": 4,
								"y": 4,
								"z": 4
							}
						},
						"dynVisualFqn": {
							"Id": "4611686038125770001",
							"type": "String",
							"value": "/art/static/designblockout/designutility/dbo_decal_red_x.gr2"
						},
						"dynVisualName": {
							"Id": "4611686039107870012",
							"type": "String",
							"value": "dbo_decal_red_x"
						},
						"4611686309241734002": {
							"Id": "4611686309241734002",
							"type": "LookupList",
							"value": {
								"On": {
									"Id": "On",
									"type": "Class",
									"value": {}
								}
							}
						},
						"4611686359083027001": {
							"Id": "4611686359083027001",
							"type": "Enum",
							"value": "dynPropTypeGR2"
						},
						"4611686359132287000": {
							"Id": "4611686359132287000",
							"type": "LookupList",
							"value": {
								"13216694345345269136": {
									"Id": "13216694345345269136",
									"type": "String",
									"value": ""
								},
								"16009831945395381178": {
									"Id": "16009831945395381178",
									"type": "String",
									"value": "CASTING_ALWAYS"
								},
								"18381402898764148109": {
									"Id": "18381402898764148109",
									"type": "String",
									"value": "CASTING_ALWAYS"
								}
							}
						},
						"4611686359132287001": {
							"Id": "4611686359132287001",
							"type": "LookupList",
							"value": {}
						},
						"4611686359132287002": {
							"Id": "4611686359132287002",
							"type": "LookupList",
							"value": {}
						},
						"4611686359132287003": {
							"Id": "4611686359132287003",
							"type": "LookupList",
							"value": {}
						},
						"4611686359132287004": {
							"Id": "4611686359132287004",
							"type": "LookupList",
							"value": {}
						}
					},
					{
						"dynPosition": {
							"Id": "4611686038108070005",
							"type": "Vector3",
							"value": {
								"x": -0.2184000015258789,
								"y": 0.29899999499320984,
								"z": -0.2597000002861023
							}
						},
						"dynRotation": {
							"Id": "4611686038108070006",
							"type": "Vector3",
							"value": {
								"x": 0,
								"y": -180,
								"z": -180
							}
						},
						"dynScale": {
							"Id": "4611686038108070007",
							"type": "Vector3",
							"value": {
								"x": 0.5253999829292297,
								"y": 0.5253999829292297,
								"z": 0.5253999829292297
							}
						},
						"dynVisualFqn": {
							"Id": "4611686038125770001",
							"type": "String",
							"value": "/art/static/area/oss_ossus/arch/oss_arch_temple_attachment_pieces_trim.gr2"
						},
						"dynVisualName": {
							"Id": "4611686039107870012",
							"type": "String",
							"value": "oss_arch_temple_attachment_pieces_trim12345678"
						},
						"4611686309241734002": {
							"Id": "4611686309241734002",
							"type": "LookupList",
							"value": {
								"On": {
									"Id": "On",
									"type": "Class",
									"value": {
										"dynState": {
											"Id": "4611686038108070002",
											"type": "Integer",
											"value": "3"
										}
									}
								}
							}
						},
						"4611686309969034000": {
							"Id": "4611686309969034000",
							"type": "Boolean",
							"value": ""
						},
						"4611686359083027001": {
							"Id": "4611686359083027001",
							"type": "Enum",
							"value": "dynPropTypeGR2"
						},
						"4611686359132287000": {
							"Id": "4611686359132287000",
							"type": "LookupList",
							"value": {
								"13216694345345269136": {
									"Id": "13216694345345269136",
									"type": "String",
									"value": ""
								},
								"16009831945395381178": {
									"Id": "16009831945395381178",
									"type": "String",
									"value": "CASTING_ALWAYS"
								},
								"18381402898764148109": {
									"Id": "18381402898764148109",
									"type": "String",
									"value": "CASTING_ALWAYS"
								}
							}
						},
						"4611686359132287001": {
							"Id": "4611686359132287001",
							"type": "LookupList",
							"value": {}
						},
						"4611686359132287002": {
							"Id": "4611686359132287002",
							"type": "LookupList",
							"value": {}
						},
						"4611686359132287003": {
							"Id": "4611686359132287003",
							"type": "LookupList",
							"value": {}
						},
						"4611686359132287004": {
							"Id": "4611686359132287004",
							"type": "LookupList",
							"value": {}
						}
					},
					{
						"dynPosition": {
							"Id": "4611686038108070005",
							"type": "Vector3",
							"value": {
								"x": 0.07381000369787216,
								"y": 0.23579999804496765,
								"z": -0.06759999692440033
							}
						},
						"dynRotation": {
							"Id": "4611686038108070006",
							"type": "Vector3",
							"value": {
								"x": 90,
								"y": 90,
								"z": 0
							}
						},
						"dynScale": {
							"Id": "4611686038108070007",
							"type": "Vector3",
							"value": {
								"x": 0.8496999740600586,
								"y": 0.8496999740600586,
								"z": 0.8496999740600586
							}
						},
						"dynVisualFqn": {
							"Id": "4611686038125770001",
							"type": "String",
							"value": "/art/static/area/oss_ossus/arch/oss_arch_temple_attachment_pieces_support.gr2"
						},
						"dynVisualName": {
							"Id": "4611686039107870012",
							"type": "String",
							"value": "oss_arch_temple_attachment_pieces_support12"
						},
						"4611686309241734002": {
							"Id": "4611686309241734002",
							"type": "LookupList",
							"value": {
								"On": {
									"Id": "On",
									"type": "Class",
									"value": {
										"dynState": {
											"Id": "4611686038108070002",
											"type": "Integer",
											"value": "3"
										}
									}
								}
							}
						},
						"4611686309969034000": {
							"Id": "4611686309969034000",
							"type": "Boolean",
							"value": ""
						},
						"4611686359083027001": {
							"Id": "4611686359083027001",
							"type": "Enum",
							"value": "dynPropTypeGR2"
						},
						"4611686359132287000": {
							"Id": "4611686359132287000",
							"type": "LookupList",
							"value": {
								"13216694345345269136": {
									"Id": "13216694345345269136",
									"type": "String",
									"value": ""
								},
								"16009831945395381178": {
									"Id": "16009831945395381178",
									"type": "String",
									"value": "CASTING_ALWAYS"
								},
								"18381402898764148109": {
									"Id": "18381402898764148109",
									"type": "String",
									"value": "CASTING_ALWAYS"
								}
							}
						},
						"4611686359132287001": {
							"Id": "4611686359132287001",
							"type": "LookupList",
							"value": {}
						},
						"4611686359132287002": {
							"Id": "4611686359132287002",
							"type": "LookupList",
							"value": {}
						},
						"4611686359132287003": {
							"Id": "4611686359132287003",
							"type": "LookupList",
							"value": {}
						},
						"4611686359132287004": {
							"Id": "4611686359132287004",
							"type": "LookupList",
							"value": {}
						}
					},
					{
						"dynPosition": {
							"Id": "4611686038108070005",
							"type": "Vector3",
							"value": {
								"x": 0.07381000369787216,
								"y": 0.23579999804496765,
								"z": 0.22360000014305115
							}
						},
						"dynRotation": {
							"Id": "4611686038108070006",
							"type": "Vector3",
							"value": {
								"x": 90,
								"y": 90,
								"z": 0
							}
						},
						"dynScale": {
							"Id": "4611686038108070007",
							"type": "Vector3",
							"value": {
								"x": 0.8496999740600586,
								"y": 0.8496999740600586,
								"z": 0.8496999740600586
							}
						},
						"dynVisualFqn": {
							"Id": "4611686038125770001",
							"type": "String",
							"value": "/art/static/area/oss_ossus/arch/oss_arch_temple_attachment_pieces_support.gr2"
						},
						"dynVisualName": {
							"Id": "4611686039107870012",
							"type": "String",
							"value": "oss_arch_temple_attachment_pieces_support123"
						},
						"4611686309241734002": {
							"Id": "4611686309241734002",
							"type": "LookupList",
							"value": {
								"On": {
									"Id": "On",
									"type": "Class",
									"value": {
										"dynState": {
											"Id": "4611686038108070002",
											"type": "Integer",
											"value": "3"
										}
									}
								}
							}
						},
						"4611686309969034000": {
							"Id": "4611686309969034000",
							"type": "Boolean",
							"value": ""
						},
						"4611686359083027001": {
							"Id": "4611686359083027001",
							"type": "Enum",
							"value": "dynPropTypeGR2"
						},
						"4611686359132287000": {
							"Id": "4611686359132287000",
							"type": "LookupList",
							"value": {
								"13216694345345269136": {
									"Id": "13216694345345269136",
									"type": "String",
									"value": ""
								},
								"16009831945395381178": {
									"Id": "16009831945395381178",
									"type": "String",
									"value": "CASTING_ALWAYS"
								},
								"18381402898764148109": {
									"Id": "18381402898764148109",
									"type": "String",
									"value": "CASTING_ALWAYS"
								}
							}
						},
						"4611686359132287001": {
							"Id": "4611686359132287001",
							"type": "LookupList",
							"value": {}
						},
						"4611686359132287002": {
							"Id": "4611686359132287002",
							"type": "LookupList",
							"value": {}
						},
						"4611686359132287003": {
							"Id": "4611686359132287003",
							"type": "LookupList",
							"value": {}
						},
						"4611686359132287004": {
							"Id": "4611686359132287004",
							"type": "LookupList",
							"value": {}
						}
					},
					{
						"dynPosition": {
							"Id": "4611686038108070005",
							"type": "Vector3",
							"value": {
								"x": 0.1984100043773651,
								"y": 0.29899999499320984,
								"z": 0.22540000081062317
							}
						},
						"dynRotation": {
							"Id": "4611686038108070006",
							"type": "Vector3",
							"value": {
								"x": 0,
								"y": -180,
								"z": -180
							}
						},
						"dynScale": {
							"Id": "4611686038108070007",
							"type": "Vector3",
							"value": {
								"x": 0.5253999829292297,
								"y": 0.5253999829292297,
								"z": 0.5253999829292297
							}
						},
						"dynVisualFqn": {
							"Id": "4611686038125770001",
							"type": "String",
							"value": "/art/static/area/oss_ossus/arch/oss_arch_temple_attachment_pieces_trim.gr2"
						},
						"dynVisualName": {
							"Id": "4611686039107870012",
							"type": "String",
							"value": "oss_arch_temple_attachment_pieces_trim123456789"
						},
						"4611686309241734002": {
							"Id": "4611686309241734002",
							"type": "LookupList",
							"value": {
								"On": {
									"Id": "On",
									"type": "Class",
									"value": {
										"dynState": {
											"Id": "4611686038108070002",
											"type": "Integer",
											"value": "3"
										}
									}
								}
							}
						},
						"4611686309969034000": {
							"Id": "4611686309969034000",
							"type": "Boolean",
							"value": ""
						},
						"4611686359083027001": {
							"Id": "4611686359083027001",
							"type": "Enum",
							"value": "dynPropTypeGR2"
						},
						"4611686359132287000": {
							"Id": "4611686359132287000",
							"type": "LookupList",
							"value": {
								"13216694345345269136": {
									"Id": "13216694345345269136",
									"type": "String",
									"value": ""
								},
								"16009831945395381178": {
									"Id": "16009831945395381178",
									"type": "String",
									"value": "CASTING_ALWAYS"
								},
								"18381402898764148109": {
									"Id": "18381402898764148109",
									"type": "String",
									"value": "CASTING_ALWAYS"
								}
							}
						},
						"4611686359132287001": {
							"Id": "4611686359132287001",
							"type": "LookupList",
							"value": {}
						},
						"4611686359132287002": {
							"Id": "4611686359132287002",
							"type": "LookupList",
							"value": {}
						},
						"4611686359132287003": {
							"Id": "4611686359132287003",
							"type": "LookupList",
							"value": {}
						},
						"4611686359132287004": {
							"Id": "4611686359132287004",
							"type": "LookupList",
							"value": {}
						}
					},
					{
						"dynPosition": {
							"Id": "4611686038108070005",
							"type": "Vector3",
							"value": {
								"x": 0.1984100043773651,
								"y": 0.29899999499320984,
								"z": 0.1031000018119812
							}
						},
						"dynRotation": {
							"Id": "4611686038108070006",
							"type": "Vector3",
							"value": {
								"x": 0,
								"y": -180,
								"z": -180
							}
						},
						"dynScale": {
							"Id": "4611686038108070007",
							"type": "Vector3",
							"value": {
								"x": 0.5253999829292297,
								"y": 0.5253999829292297,
								"z": 0.5253999829292297
							}
						},
						"dynVisualFqn": {
							"Id": "4611686038125770001",
							"type": "String",
							"value": "/art/static/area/oss_ossus/arch/oss_arch_temple_attachment_pieces_trim.gr2"
						},
						"dynVisualName": {
							"Id": "4611686039107870012",
							"type": "String",
							"value": "oss_arch_temple_attachment_pieces_trim12345678910"
						},
						"4611686309241734002": {
							"Id": "4611686309241734002",
							"type": "LookupList",
							"value": {
								"On": {
									"Id": "On",
									"type": "Class",
									"value": {
										"dynState": {
											"Id": "4611686038108070002",
											"type": "Integer",
											"value": "3"
										}
									}
								}
							}
						},
						"4611686309969034000": {
							"Id": "4611686309969034000",
							"type": "Boolean",
							"value": ""
						},
						"4611686359083027001": {
							"Id": "4611686359083027001",
							"type": "Enum",
							"value": "dynPropTypeGR2"
						},
						"4611686359132287000": {
							"Id": "4611686359132287000",
							"type": "LookupList",
							"value": {
								"13216694345345269136": {
									"Id": "13216694345345269136",
									"type": "String",
									"value": ""
								},
								"16009831945395381178": {
									"Id": "16009831945395381178",
									"type": "String",
									"value": "CASTING_ALWAYS"
								},
								"18381402898764148109": {
									"Id": "18381402898764148109",
									"type": "String",
									"value": "CASTING_ALWAYS"
								}
							}
						},
						"4611686359132287001": {
							"Id": "4611686359132287001",
							"type": "LookupList",
							"value": {}
						},
						"4611686359132287002": {
							"Id": "4611686359132287002",
							"type": "LookupList",
							"value": {}
						},
						"4611686359132287003": {
							"Id": "4611686359132287003",
							"type": "LookupList",
							"value": {}
						},
						"4611686359132287004": {
							"Id": "4611686359132287004",
							"type": "LookupList",
							"value": {}
						}
					},
					{
						"dynPosition": {
							"Id": "4611686038108070005",
							"type": "Vector3",
							"value": {
								"x": 0.1984100043773651,
								"y": 0.29899999499320984,
								"z": -0.019099999219179153
							}
						},
						"dynRotation": {
							"Id": "4611686038108070006",
							"type": "Vector3",
							"value": {
								"x": 0,
								"y": -180,
								"z": -180
							}
						},
						"dynScale": {
							"Id": "4611686038108070007",
							"type": "Vector3",
							"value": {
								"x": 0.5253999829292297,
								"y": 0.5253999829292297,
								"z": 0.5253999829292297
							}
						},
						"dynVisualFqn": {
							"Id": "4611686038125770001",
							"type": "String",
							"value": "/art/static/area/oss_ossus/arch/oss_arch_temple_attachment_pieces_trim.gr2"
						},
						"dynVisualName": {
							"Id": "4611686039107870012",
							"type": "String",
							"value": "oss_arch_temple_attachment_pieces_trim1234567891011"
						},
						"4611686309241734002": {
							"Id": "4611686309241734002",
							"type": "LookupList",
							"value": {
								"On": {
									"Id": "On",
									"type": "Class",
									"value": {
										"dynState": {
											"Id": "4611686038108070002",
											"type": "Integer",
											"value": "3"
										}
									}
								}
							}
						},
						"4611686309969034000": {
							"Id": "4611686309969034000",
							"type": "Boolean",
							"value": ""
						},
						"4611686359083027001": {
							"Id": "4611686359083027001",
							"type": "Enum",
							"value": "dynPropTypeGR2"
						},
						"4611686359132287000": {
							"Id": "4611686359132287000",
							"type": "LookupList",
							"value": {
								"13216694345345269136": {
									"Id": "13216694345345269136",
									"type": "String",
									"value": ""
								},
								"16009831945395381178": {
									"Id": "16009831945395381178",
									"type": "String",
									"value": "CASTING_ALWAYS"
								},
								"18381402898764148109": {
									"Id": "18381402898764148109",
									"type": "String",
									"value": "CASTING_ALWAYS"
								}
							}
						},
						"4611686359132287001": {
							"Id": "4611686359132287001",
							"type": "LookupList",
							"value": {}
						},
						"4611686359132287002": {
							"Id": "4611686359132287002",
							"type": "LookupList",
							"value": {}
						},
						"4611686359132287003": {
							"Id": "4611686359132287003",
							"type": "LookupList",
							"value": {}
						},
						"4611686359132287004": {
							"Id": "4611686359132287004",
							"type": "LookupList",
							"value": {}
						}
					},
					{
						"dynPosition": {
							"Id": "4611686038108070005",
							"type": "Vector3",
							"value": {
								"x": 0.1984100043773651,
								"y": 0.29899999499320984,
								"z": -0.13660000264644623
							}
						},
						"dynRotation": {
							"Id": "4611686038108070006",
							"type": "Vector3",
							"value": {
								"x": 0,
								"y": -180,
								"z": -180
							}
						},
						"dynScale": {
							"Id": "4611686038108070007",
							"type": "Vector3",
							"value": {
								"x": 0.5253999829292297,
								"y": 0.5253999829292297,
								"z": 0.5253999829292297
							}
						},
						"dynVisualFqn": {
							"Id": "4611686038125770001",
							"type": "String",
							"value": "/art/static/area/oss_ossus/arch/oss_arch_temple_attachment_pieces_trim.gr2"
						},
						"dynVisualName": {
							"Id": "4611686039107870012",
							"type": "String",
							"value": "oss_arch_temple_attachment_pieces_trim123456789101112"
						},
						"4611686309241734002": {
							"Id": "4611686309241734002",
							"type": "LookupList",
							"value": {
								"On": {
									"Id": "On",
									"type": "Class",
									"value": {
										"dynState": {
											"Id": "4611686038108070002",
											"type": "Integer",
											"value": "3"
										}
									}
								}
							}
						},
						"4611686309969034000": {
							"Id": "4611686309969034000",
							"type": "Boolean",
							"value": ""
						},
						"4611686359083027001": {
							"Id": "4611686359083027001",
							"type": "Enum",
							"value": "dynPropTypeGR2"
						},
						"4611686359132287000": {
							"Id": "4611686359132287000",
							"type": "LookupList",
							"value": {
								"13216694345345269136": {
									"Id": "13216694345345269136",
									"type": "String",
									"value": ""
								},
								"16009831945395381178": {
									"Id": "16009831945395381178",
									"type": "String",
									"value": "CASTING_ALWAYS"
								},
								"18381402898764148109": {
									"Id": "18381402898764148109",
									"type": "String",
									"value": "CASTING_ALWAYS"
								}
							}
						},
						"4611686359132287001": {
							"Id": "4611686359132287001",
							"type": "LookupList",
							"value": {}
						},
						"4611686359132287002": {
							"Id": "4611686359132287002",
							"type": "LookupList",
							"value": {}
						},
						"4611686359132287003": {
							"Id": "4611686359132287003",
							"type": "LookupList",
							"value": {}
						},
						"4611686359132287004": {
							"Id": "4611686359132287004",
							"type": "LookupList",
							"value": {}
						}
					},
					{
						"dynPosition": {
							"Id": "4611686038108070005",
							"type": "Vector3",
							"value": {
								"x": 0.1984100043773651,
								"y": 0.29899999499320984,
								"z": -0.2597000002861023
							}
						},
						"dynRotation": {
							"Id": "4611686038108070006",
							"type": "Vector3",
							"value": {
								"x": 0,
								"y": -180,
								"z": -180
							}
						},
						"dynScale": {
							"Id": "4611686038108070007",
							"type": "Vector3",
							"value": {
								"x": 0.5253999829292297,
								"y": 0.5253999829292297,
								"z": 0.5253999829292297
							}
						},
						"dynVisualFqn": {
							"Id": "4611686038125770001",
							"type": "String",
							"value": "/art/static/area/oss_ossus/arch/oss_arch_temple_attachment_pieces_trim.gr2"
						},
						"dynVisualName": {
							"Id": "4611686039107870012",
							"type": "String",
							"value": "oss_arch_temple_attachment_pieces_trim12345678910111213"
						},
						"4611686309241734002": {
							"Id": "4611686309241734002",
							"type": "LookupList",
							"value": {
								"On": {
									"Id": "On",
									"type": "Class",
									"value": {
										"dynState": {
											"Id": "4611686038108070002",
											"type": "Integer",
											"value": "3"
										}
									}
								}
							}
						},
						"4611686309969034000": {
							"Id": "4611686309969034000",
							"type": "Boolean",
							"value": ""
						},
						"4611686359083027001": {
							"Id": "4611686359083027001",
							"type": "Enum",
							"value": "dynPropTypeGR2"
						},
						"4611686359132287000": {
							"Id": "4611686359132287000",
							"type": "LookupList",
							"value": {
								"13216694345345269136": {
									"Id": "13216694345345269136",
									"type": "String",
									"value": ""
								},
								"16009831945395381178": {
									"Id": "16009831945395381178",
									"type": "String",
									"value": "CASTING_ALWAYS"
								},
								"18381402898764148109": {
									"Id": "18381402898764148109",
									"type": "String",
									"value": "CASTING_ALWAYS"
								}
							}
						},
						"4611686359132287001": {
							"Id": "4611686359132287001",
							"type": "LookupList",
							"value": {}
						},
						"4611686359132287002": {
							"Id": "4611686359132287002",
							"type": "LookupList",
							"value": {}
						},
						"4611686359132287003": {
							"Id": "4611686359132287003",
							"type": "LookupList",
							"value": {}
						},
						"4611686359132287004": {
							"Id": "4611686359132287004",
							"type": "LookupList",
							"value": {}
						}
					},
					{
						"dynPosition": {
							"Id": "4611686038108070005",
							"type": "Vector3",
							"value": {
								"x": -0.2184000015258789,
								"y": 0.29899999499320984,
								"z": -0.37630000710487366
							}
						},
						"dynRotation": {
							"Id": "4611686038108070006",
							"type": "Vector3",
							"value": {
								"x": 0,
								"y": -180,
								"z": -180
							}
						},
						"dynScale": {
							"Id": "4611686038108070007",
							"type": "Vector3",
							"value": {
								"x": 0.5253999829292297,
								"y": 0.5253999829292297,
								"z": 0.5253999829292297
							}
						},
						"dynVisualFqn": {
							"Id": "4611686038125770001",
							"type": "String",
							"value": "/art/static/area/oss_ossus/arch/oss_arch_temple_attachment_pieces_trim.gr2"
						},
						"dynVisualName": {
							"Id": "4611686039107870012",
							"type": "String",
							"value": "oss_arch_temple_attachment_pieces_trim1234567891011121314"
						},
						"4611686309241734002": {
							"Id": "4611686309241734002",
							"type": "LookupList",
							"value": {
								"On": {
									"Id": "On",
									"type": "Class",
									"value": {
										"dynState": {
											"Id": "4611686038108070002",
											"type": "Integer",
											"value": "3"
										}
									}
								}
							}
						},
						"4611686309969034000": {
							"Id": "4611686309969034000",
							"type": "Boolean",
							"value": ""
						},
						"4611686359083027001": {
							"Id": "4611686359083027001",
							"type": "Enum",
							"value": "dynPropTypeGR2"
						},
						"4611686359132287000": {
							"Id": "4611686359132287000",
							"type": "LookupList",
							"value": {
								"13216694345345269136": {
									"Id": "13216694345345269136",
									"type": "String",
									"value": ""
								},
								"16009831945395381178": {
									"Id": "16009831945395381178",
									"type": "String",
									"value": "CASTING_ALWAYS"
								},
								"18381402898764148109": {
									"Id": "18381402898764148109",
									"type": "String",
									"value": "CASTING_ALWAYS"
								}
							}
						},
						"4611686359132287001": {
							"Id": "4611686359132287001",
							"type": "LookupList",
							"value": {}
						},
						"4611686359132287002": {
							"Id": "4611686359132287002",
							"type": "LookupList",
							"value": {}
						},
						"4611686359132287003": {
							"Id": "4611686359132287003",
							"type": "LookupList",
							"value": {}
						},
						"4611686359132287004": {
							"Id": "4611686359132287004",
							"type": "LookupList",
							"value": {}
						}
					},
					{
						"dynPosition": {
							"Id": "4611686038108070005",
							"type": "Vector3",
							"value": {
								"x": -0.07179000228643417,
								"y": 0.23579999804496765,
								"z": -0.3587999939918518
							}
						},
						"dynRotation": {
							"Id": "4611686038108070006",
							"type": "Vector3",
							"value": {
								"x": 90,
								"y": -90,
								"z": 0
							}
						},
						"dynScale": {
							"Id": "4611686038108070007",
							"type": "Vector3",
							"value": {
								"x": 0.8496999740600586,
								"y": 0.8496999740600586,
								"z": 0.8496999740600586
							}
						},
						"dynVisualFqn": {
							"Id": "4611686038125770001",
							"type": "String",
							"value": "/art/static/area/oss_ossus/arch/oss_arch_temple_attachment_pieces_support.gr2"
						},
						"dynVisualName": {
							"Id": "4611686039107870012",
							"type": "String",
							"value": "oss_arch_temple_attachment_pieces_support1234"
						},
						"4611686309241734002": {
							"Id": "4611686309241734002",
							"type": "LookupList",
							"value": {
								"On": {
									"Id": "On",
									"type": "Class",
									"value": {
										"dynState": {
											"Id": "4611686038108070002",
											"type": "Integer",
											"value": "3"
										}
									}
								}
							}
						},
						"4611686309969034000": {
							"Id": "4611686309969034000",
							"type": "Boolean",
							"value": ""
						},
						"4611686359083027001": {
							"Id": "4611686359083027001",
							"type": "Enum",
							"value": "dynPropTypeGR2"
						},
						"4611686359132287000": {
							"Id": "4611686359132287000",
							"type": "LookupList",
							"value": {
								"13216694345345269136": {
									"Id": "13216694345345269136",
									"type": "String",
									"value": ""
								},
								"16009831945395381178": {
									"Id": "16009831945395381178",
									"type": "String",
									"value": "CASTING_ALWAYS"
								},
								"18381402898764148109": {
									"Id": "18381402898764148109",
									"type": "String",
									"value": "CASTING_ALWAYS"
								}
							}
						},
						"4611686359132287001": {
							"Id": "4611686359132287001",
							"type": "LookupList",
							"value": {}
						},
						"4611686359132287002": {
							"Id": "4611686359132287002",
							"type": "LookupList",
							"value": {}
						},
						"4611686359132287003": {
							"Id": "4611686359132287003",
							"type": "LookupList",
							"value": {}
						},
						"4611686359132287004": {
							"Id": "4611686359132287004",
							"type": "LookupList",
							"value": {}
						}
					},
					{
						"dynPosition": {
							"Id": "4611686038108070005",
							"type": "Vector3",
							"value": {
								"x": 0.1984100043773651,
								"y": 0.29899999499320984,
								"z": -0.37630000710487366
							}
						},
						"dynRotation": {
							"Id": "4611686038108070006",
							"type": "Vector3",
							"value": {
								"x": 0,
								"y": -180,
								"z": -180
							}
						},
						"dynScale": {
							"Id": "4611686038108070007",
							"type": "Vector3",
							"value": {
								"x": 0.5253999829292297,
								"y": 0.5253999829292297,
								"z": 0.5253999829292297
							}
						},
						"dynVisualFqn": {
							"Id": "4611686038125770001",
							"type": "String",
							"value": "/art/static/area/oss_ossus/arch/oss_arch_temple_attachment_pieces_trim.gr2"
						},
						"dynVisualName": {
							"Id": "4611686039107870012",
							"type": "String",
							"value": "oss_arch_temple_attachment_pieces_trim123456789101112131415"
						},
						"4611686309241734002": {
							"Id": "4611686309241734002",
							"type": "LookupList",
							"value": {
								"On": {
									"Id": "On",
									"type": "Class",
									"value": {
										"dynState": {
											"Id": "4611686038108070002",
											"type": "Integer",
											"value": "3"
										}
									}
								}
							}
						},
						"4611686309969034000": {
							"Id": "4611686309969034000",
							"type": "Boolean",
							"value": ""
						},
						"4611686359083027001": {
							"Id": "4611686359083027001",
							"type": "Enum",
							"value": "dynPropTypeGR2"
						},
						"4611686359132287000": {
							"Id": "4611686359132287000",
							"type": "LookupList",
							"value": {
								"13216694345345269136": {
									"Id": "13216694345345269136",
									"type": "String",
									"value": ""
								},
								"16009831945395381178": {
									"Id": "16009831945395381178",
									"type": "String",
									"value": "CASTING_ALWAYS"
								},
								"18381402898764148109": {
									"Id": "18381402898764148109",
									"type": "String",
									"value": "CASTING_ALWAYS"
								}
							}
						},
						"4611686359132287001": {
							"Id": "4611686359132287001",
							"type": "LookupList",
							"value": {}
						},
						"4611686359132287002": {
							"Id": "4611686359132287002",
							"type": "LookupList",
							"value": {}
						},
						"4611686359132287003": {
							"Id": "4611686359132287003",
							"type": "LookupList",
							"value": {}
						},
						"4611686359132287004": {
							"Id": "4611686359132287004",
							"type": "LookupList",
							"value": {}
						}
					},
					{
						"dynPosition": {
							"Id": "4611686038108070005",
							"type": "Vector3",
							"value": {
								"x": 0.07381000369787216,
								"y": 0.23579999804496765,
								"z": -0.3587999939918518
							}
						},
						"dynRotation": {
							"Id": "4611686038108070006",
							"type": "Vector3",
							"value": {
								"x": 90,
								"y": 90,
								"z": 0
							}
						},
						"dynScale": {
							"Id": "4611686038108070007",
							"type": "Vector3",
							"value": {
								"x": 0.8496999740600586,
								"y": 0.8496999740600586,
								"z": 0.8496999740600586
							}
						},
						"dynVisualFqn": {
							"Id": "4611686038125770001",
							"type": "String",
							"value": "/art/static/area/oss_ossus/arch/oss_arch_temple_attachment_pieces_support.gr2"
						},
						"dynVisualName": {
							"Id": "4611686039107870012",
							"type": "String",
							"value": "oss_arch_temple_attachment_pieces_support12345"
						},
						"4611686309241734002": {
							"Id": "4611686309241734002",
							"type": "LookupList",
							"value": {
								"On": {
									"Id": "On",
									"type": "Class",
									"value": {
										"dynState": {
											"Id": "4611686038108070002",
											"type": "Integer",
											"value": "3"
										}
									}
								}
							}
						},
						"4611686309969034000": {
							"Id": "4611686309969034000",
							"type": "Boolean",
							"value": ""
						},
						"4611686359083027001": {
							"Id": "4611686359083027001",
							"type": "Enum",
							"value": "dynPropTypeGR2"
						},
						"4611686359132287000": {
							"Id": "4611686359132287000",
							"type": "LookupList",
							"value": {
								"13216694345345269136": {
									"Id": "13216694345345269136",
									"type": "String",
									"value": ""
								},
								"16009831945395381178": {
									"Id": "16009831945395381178",
									"type": "String",
									"value": "CASTING_ALWAYS"
								},
								"18381402898764148109": {
									"Id": "18381402898764148109",
									"type": "String",
									"value": "CASTING_ALWAYS"
								}
							}
						},
						"4611686359132287001": {
							"Id": "4611686359132287001",
							"type": "LookupList",
							"value": {}
						},
						"4611686359132287002": {
							"Id": "4611686359132287002",
							"type": "LookupList",
							"value": {}
						},
						"4611686359132287003": {
							"Id": "4611686359132287003",
							"type": "LookupList",
							"value": {}
						},
						"4611686359132287004": {
							"Id": "4611686359132287004",
							"type": "LookupList",
							"value": {}
						}
					},
					{
						"dynPosition": {
							"Id": "4611686038108070005",
							"type": "Vector3",
							"value": {
								"x": -0.44839000701904297,
								"y": 0.07039999961853027,
								"z": -0.3587999939918518
							}
						},
						"dynRotation": {
							"Id": "4611686038108070006",
							"type": "Vector3",
							"value": {
								"x": 0,
								"y": -90,
								"z": -180
							}
						},
						"dynScale": {
							"Id": "4611686038108070007",
							"type": "Vector3",
							"value": {
								"x": 0.24220000207424164,
								"y": 0.6665999889373779,
								"z": 0.6466000080108643
							}
						},
						"dynVisualFqn": {
							"Id": "4611686038125770001",
							"type": "String",
							"value": "/art/static/area/oss_ossus/arch/oss_arch_temple_attachment_pieces_trim.gr2"
						},
						"dynVisualName": {
							"Id": "4611686039107870012",
							"type": "String",
							"value": "oss_arch_temple_attachment_pieces_trim12345678910111213141516"
						},
						"4611686309241734002": {
							"Id": "4611686309241734002",
							"type": "LookupList",
							"value": {
								"On": {
									"Id": "On",
									"type": "Class",
									"value": {
										"dynState": {
											"Id": "4611686038108070002",
											"type": "Integer",
											"value": "3"
										}
									}
								}
							}
						},
						"4611686309969034000": {
							"Id": "4611686309969034000",
							"type": "Boolean",
							"value": ""
						},
						"4611686359083027001": {
							"Id": "4611686359083027001",
							"type": "Enum",
							"value": "dynPropTypeGR2"
						},
						"4611686359132287000": {
							"Id": "4611686359132287000",
							"type": "LookupList",
							"value": {
								"13216694345345269136": {
									"Id": "13216694345345269136",
									"type": "String",
									"value": ""
								},
								"16009831945395381178": {
									"Id": "16009831945395381178",
									"type": "String",
									"value": "CASTING_ALWAYS"
								},
								"18381402898764148109": {
									"Id": "18381402898764148109",
									"type": "String",
									"value": "CASTING_ALWAYS"
								}
							}
						},
						"4611686359132287001": {
							"Id": "4611686359132287001",
							"type": "LookupList",
							"value": {}
						},
						"4611686359132287002": {
							"Id": "4611686359132287002",
							"type": "LookupList",
							"value": {}
						},
						"4611686359132287003": {
							"Id": "4611686359132287003",
							"type": "LookupList",
							"value": {}
						},
						"4611686359132287004": {
							"Id": "4611686359132287004",
							"type": "LookupList",
							"value": {}
						}
					},
					{
						"dynPosition": {
							"Id": "4611686038108070005",
							"type": "Vector3",
							"value": {
								"x": -0.44940000772476196,
								"y": 0.06530000269412994,
								"z": -0.36039999127388
							}
						},
						"dynRotation": {
							"Id": "4611686038108070006",
							"type": "Vector3",
							"value": {
								"x": 0,
								"y": -90,
								"z": 0
							}
						},
						"dynScale": {
							"Id": "4611686038108070007",
							"type": "Vector3",
							"value": {
								"x": 0.24220000207424164,
								"y": 0.6665999889373779,
								"z": 0.6466000080108643
							}
						},
						"dynVisualFqn": {
							"Id": "4611686038125770001",
							"type": "String",
							"value": "/art/static/area/oss_ossus/arch/oss_arch_temple_attachment_pieces_trim.gr2"
						},
						"dynVisualName": {
							"Id": "4611686039107870012",
							"type": "String",
							"value": "oss_arch_temple_attachment_pieces_trim1234567891011121314151617"
						},
						"4611686309241734002": {
							"Id": "4611686309241734002",
							"type": "LookupList",
							"value": {
								"On": {
									"Id": "On",
									"type": "Class",
									"value": {
										"dynState": {
											"Id": "4611686038108070002",
											"type": "Integer",
											"value": "3"
										}
									}
								}
							}
						},
						"4611686309969034000": {
							"Id": "4611686309969034000",
							"type": "Boolean",
							"value": ""
						},
						"4611686359083027001": {
							"Id": "4611686359083027001",
							"type": "Enum",
							"value": "dynPropTypeGR2"
						},
						"4611686359132287000": {
							"Id": "4611686359132287000",
							"type": "LookupList",
							"value": {
								"13216694345345269136": {
									"Id": "13216694345345269136",
									"type": "String",
									"value": ""
								},
								"16009831945395381178": {
									"Id": "16009831945395381178",
									"type": "String",
									"value": "CASTING_ALWAYS"
								},
								"18381402898764148109": {
									"Id": "18381402898764148109",
									"type": "String",
									"value": "CASTING_ALWAYS"
								}
							}
						},
						"4611686359132287001": {
							"Id": "4611686359132287001",
							"type": "LookupList",
							"value": {}
						},
						"4611686359132287002": {
							"Id": "4611686359132287002",
							"type": "LookupList",
							"value": {}
						},
						"4611686359132287003": {
							"Id": "4611686359132287003",
							"type": "LookupList",
							"value": {}
						},
						"4611686359132287004": {
							"Id": "4611686359132287004",
							"type": "LookupList",
							"value": {}
						}
					},
					{
						"dynPosition": {
							"Id": "4611686038108070005",
							"type": "Vector3",
							"value": {
								"x": 0.4507000148296356,
								"y": 0.06530000269412994,
								"z": -0.36039999127388
							}
						},
						"dynRotation": {
							"Id": "4611686038108070006",
							"type": "Vector3",
							"value": {
								"x": 0,
								"y": -90,
								"z": 0
							}
						},
						"dynScale": {
							"Id": "4611686038108070007",
							"type": "Vector3",
							"value": {
								"x": 0.24220000207424164,
								"y": 0.6665999889373779,
								"z": 0.6466000080108643
							}
						},
						"dynVisualFqn": {
							"Id": "4611686038125770001",
							"type": "String",
							"value": "/art/static/area/oss_ossus/arch/oss_arch_temple_attachment_pieces_trim.gr2"
						},
						"dynVisualName": {
							"Id": "4611686039107870012",
							"type": "String",
							"value": "oss_arch_temple_attachment_pieces_trim123456789101112131415161718"
						},
						"4611686309241734002": {
							"Id": "4611686309241734002",
							"type": "LookupList",
							"value": {
								"On": {
									"Id": "On",
									"type": "Class",
									"value": {
										"dynState": {
											"Id": "4611686038108070002",
											"type": "Integer",
											"value": "3"
										}
									}
								}
							}
						},
						"4611686309969034000": {
							"Id": "4611686309969034000",
							"type": "Boolean",
							"value": ""
						},
						"4611686359083027001": {
							"Id": "4611686359083027001",
							"type": "Enum",
							"value": "dynPropTypeGR2"
						},
						"4611686359132287000": {
							"Id": "4611686359132287000",
							"type": "LookupList",
							"value": {
								"13216694345345269136": {
									"Id": "13216694345345269136",
									"type": "String",
									"value": ""
								},
								"16009831945395381178": {
									"Id": "16009831945395381178",
									"type": "String",
									"value": "CASTING_ALWAYS"
								},
								"18381402898764148109": {
									"Id": "18381402898764148109",
									"type": "String",
									"value": "CASTING_ALWAYS"
								}
							}
						},
						"4611686359132287001": {
							"Id": "4611686359132287001",
							"type": "LookupList",
							"value": {}
						},
						"4611686359132287002": {
							"Id": "4611686359132287002",
							"type": "LookupList",
							"value": {}
						},
						"4611686359132287003": {
							"Id": "4611686359132287003",
							"type": "LookupList",
							"value": {}
						},
						"4611686359132287004": {
							"Id": "4611686359132287004",
							"type": "LookupList",
							"value": {}
						}
					},
					{
						"dynPosition": {
							"Id": "4611686038108070005",
							"type": "Vector3",
							"value": {
								"x": 0.4507000148296356,
								"y": 0.06530000269412994,
								"z": -0.06790000200271606
							}
						},
						"dynRotation": {
							"Id": "4611686038108070006",
							"type": "Vector3",
							"value": {
								"x": 0,
								"y": -90,
								"z": 0
							}
						},
						"dynScale": {
							"Id": "4611686038108070007",
							"type": "Vector3",
							"value": {
								"x": 0.24220000207424164,
								"y": 0.6665999889373779,
								"z": 0.6466000080108643
							}
						},
						"dynVisualFqn": {
							"Id": "4611686038125770001",
							"type": "String",
							"value": "/art/static/area/oss_ossus/arch/oss_arch_temple_attachment_pieces_trim.gr2"
						},
						"dynVisualName": {
							"Id": "4611686039107870012",
							"type": "String",
							"value": "oss_arch_temple_attachment_pieces_trim12345678910111213141516171819"
						},
						"4611686309241734002": {
							"Id": "4611686309241734002",
							"type": "LookupList",
							"value": {
								"On": {
									"Id": "On",
									"type": "Class",
									"value": {
										"dynState": {
											"Id": "4611686038108070002",
											"type": "Integer",
											"value": "3"
										}
									}
								}
							}
						},
						"4611686309969034000": {
							"Id": "4611686309969034000",
							"type": "Boolean",
							"value": ""
						},
						"4611686359083027001": {
							"Id": "4611686359083027001",
							"type": "Enum",
							"value": "dynPropTypeGR2"
						},
						"4611686359132287000": {
							"Id": "4611686359132287000",
							"type": "LookupList",
							"value": {
								"13216694345345269136": {
									"Id": "13216694345345269136",
									"type": "String",
									"value": ""
								},
								"16009831945395381178": {
									"Id": "16009831945395381178",
									"type": "String",
									"value": "CASTING_ALWAYS"
								},
								"18381402898764148109": {
									"Id": "18381402898764148109",
									"type": "String",
									"value": "CASTING_ALWAYS"
								}
							}
						},
						"4611686359132287001": {
							"Id": "4611686359132287001",
							"type": "LookupList",
							"value": {}
						},
						"4611686359132287002": {
							"Id": "4611686359132287002",
							"type": "LookupList",
							"value": {}
						},
						"4611686359132287003": {
							"Id": "4611686359132287003",
							"type": "LookupList",
							"value": {}
						},
						"4611686359132287004": {
							"Id": "4611686359132287004",
							"type": "LookupList",
							"value": {}
						}
					},
					{
						"dynPosition": {
							"Id": "4611686038108070005",
							"type": "Vector3",
							"value": {
								"x": 0.45159998536109924,
								"y": 0.07039999961853027,
								"z": -0.06629999727010727
							}
						},
						"dynRotation": {
							"Id": "4611686038108070006",
							"type": "Vector3",
							"value": {
								"x": 0,
								"y": -90,
								"z": -180
							}
						},
						"dynScale": {
							"Id": "4611686038108070007",
							"type": "Vector3",
							"value": {
								"x": 0.24220000207424164,
								"y": 0.6665999889373779,
								"z": 0.6466000080108643
							}
						},
						"dynVisualFqn": {
							"Id": "4611686038125770001",
							"type": "String",
							"value": "/art/static/area/oss_ossus/arch/oss_arch_temple_attachment_pieces_trim.gr2"
						},
						"dynVisualName": {
							"Id": "4611686039107870012",
							"type": "String",
							"value": "oss_arch_temple_attachment_pieces_trim1234567891011121314151617181920"
						},
						"4611686309241734002": {
							"Id": "4611686309241734002",
							"type": "LookupList",
							"value": {
								"On": {
									"Id": "On",
									"type": "Class",
									"value": {
										"dynState": {
											"Id": "4611686038108070002",
											"type": "Integer",
											"value": "3"
										}
									}
								}
							}
						},
						"4611686309969034000": {
							"Id": "4611686309969034000",
							"type": "Boolean",
							"value": ""
						},
						"4611686359083027001": {
							"Id": "4611686359083027001",
							"type": "Enum",
							"value": "dynPropTypeGR2"
						},
						"4611686359132287000": {
							"Id": "4611686359132287000",
							"type": "LookupList",
							"value": {
								"13216694345345269136": {
									"Id": "13216694345345269136",
									"type": "String",
									"value": ""
								},
								"16009831945395381178": {
									"Id": "16009831945395381178",
									"type": "String",
									"value": "CASTING_ALWAYS"
								},
								"18381402898764148109": {
									"Id": "18381402898764148109",
									"type": "String",
									"value": "CASTING_ALWAYS"
								}
							}
						},
						"4611686359132287001": {
							"Id": "4611686359132287001",
							"type": "LookupList",
							"value": {}
						},
						"4611686359132287002": {
							"Id": "4611686359132287002",
							"type": "LookupList",
							"value": {}
						},
						"4611686359132287003": {
							"Id": "4611686359132287003",
							"type": "LookupList",
							"value": {}
						},
						"4611686359132287004": {
							"Id": "4611686359132287004",
							"type": "LookupList",
							"value": {}
						}
					},
					{
						"dynPosition": {
							"Id": "4611686038108070005",
							"type": "Vector3",
							"value": {
								"x": 0.45159998536109924,
								"y": 0.07039999961853027,
								"z": -0.3587999939918518
							}
						},
						"dynRotation": {
							"Id": "4611686038108070006",
							"type": "Vector3",
							"value": {
								"x": 0,
								"y": -90,
								"z": -180
							}
						},
						"dynScale": {
							"Id": "4611686038108070007",
							"type": "Vector3",
							"value": {
								"x": 0.24220000207424164,
								"y": 0.6665999889373779,
								"z": 0.6466000080108643
							}
						},
						"dynVisualFqn": {
							"Id": "4611686038125770001",
							"type": "String",
							"value": "/art/static/area/oss_ossus/arch/oss_arch_temple_attachment_pieces_trim.gr2"
						},
						"dynVisualName": {
							"Id": "4611686039107870012",
							"type": "String",
							"value": "oss_arch_temple_attachment_pieces_trim123456789101112131415161718192021"
						},
						"4611686309241734002": {
							"Id": "4611686309241734002",
							"type": "LookupList",
							"value": {
								"On": {
									"Id": "On",
									"type": "Class",
									"value": {
										"dynState": {
											"Id": "4611686038108070002",
											"type": "Integer",
											"value": "3"
										}
									}
								}
							}
						},
						"4611686309969034000": {
							"Id": "4611686309969034000",
							"type": "Boolean",
							"value": ""
						},
						"4611686359083027001": {
							"Id": "4611686359083027001",
							"type": "Enum",
							"value": "dynPropTypeGR2"
						},
						"4611686359132287000": {
							"Id": "4611686359132287000",
							"type": "LookupList",
							"value": {
								"13216694345345269136": {
									"Id": "13216694345345269136",
									"type": "String",
									"value": ""
								},
								"16009831945395381178": {
									"Id": "16009831945395381178",
									"type": "String",
									"value": "CASTING_ALWAYS"
								},
								"18381402898764148109": {
									"Id": "18381402898764148109",
									"type": "String",
									"value": "CASTING_ALWAYS"
								}
							}
						},
						"4611686359132287001": {
							"Id": "4611686359132287001",
							"type": "LookupList",
							"value": {}
						},
						"4611686359132287002": {
							"Id": "4611686359132287002",
							"type": "LookupList",
							"value": {}
						},
						"4611686359132287003": {
							"Id": "4611686359132287003",
							"type": "LookupList",
							"value": {}
						},
						"4611686359132287004": {
							"Id": "4611686359132287004",
							"type": "LookupList",
							"value": {}
						}
					},
					{
						"dynPosition": {
							"Id": "4611686038108070005",
							"type": "Vector3",
							"value": {
								"x": 0.4507000148296356,
								"y": 0.06530000269412994,
								"z": 0.22310000658035278
							}
						},
						"dynRotation": {
							"Id": "4611686038108070006",
							"type": "Vector3",
							"value": {
								"x": 0,
								"y": -90,
								"z": 0
							}
						},
						"dynScale": {
							"Id": "4611686038108070007",
							"type": "Vector3",
							"value": {
								"x": 0.24220000207424164,
								"y": 0.6665999889373779,
								"z": 0.6466000080108643
							}
						},
						"dynVisualFqn": {
							"Id": "4611686038125770001",
							"type": "String",
							"value": "/art/static/area/oss_ossus/arch/oss_arch_temple_attachment_pieces_trim.gr2"
						},
						"dynVisualName": {
							"Id": "4611686039107870012",
							"type": "String",
							"value": "oss_arch_temple_attachment_pieces_trim12345678910111213141516171819202122"
						},
						"4611686309241734002": {
							"Id": "4611686309241734002",
							"type": "LookupList",
							"value": {
								"On": {
									"Id": "On",
									"type": "Class",
									"value": {
										"dynState": {
											"Id": "4611686038108070002",
											"type": "Integer",
											"value": "3"
										}
									}
								}
							}
						},
						"4611686309969034000": {
							"Id": "4611686309969034000",
							"type": "Boolean",
							"value": ""
						},
						"4611686359083027001": {
							"Id": "4611686359083027001",
							"type": "Enum",
							"value": "dynPropTypeGR2"
						},
						"4611686359132287000": {
							"Id": "4611686359132287000",
							"type": "LookupList",
							"value": {
								"13216694345345269136": {
									"Id": "13216694345345269136",
									"type": "String",
									"value": ""
								},
								"16009831945395381178": {
									"Id": "16009831945395381178",
									"type": "String",
									"value": "CASTING_ALWAYS"
								},
								"18381402898764148109": {
									"Id": "18381402898764148109",
									"type": "String",
									"value": "CASTING_ALWAYS"
								}
							}
						},
						"4611686359132287001": {
							"Id": "4611686359132287001",
							"type": "LookupList",
							"value": {}
						},
						"4611686359132287002": {
							"Id": "4611686359132287002",
							"type": "LookupList",
							"value": {}
						},
						"4611686359132287003": {
							"Id": "4611686359132287003",
							"type": "LookupList",
							"value": {}
						},
						"4611686359132287004": {
							"Id": "4611686359132287004",
							"type": "LookupList",
							"value": {}
						}
					},
					{
						"dynPosition": {
							"Id": "4611686038108070005",
							"type": "Vector3",
							"value": {
								"x": 0.45159998536109924,
								"y": 0.07039999961853027,
								"z": 0.22470000386238098
							}
						},
						"dynRotation": {
							"Id": "4611686038108070006",
							"type": "Vector3",
							"value": {
								"x": 0,
								"y": -90,
								"z": -180
							}
						},
						"dynScale": {
							"Id": "4611686038108070007",
							"type": "Vector3",
							"value": {
								"x": 0.24220000207424164,
								"y": 0.6665999889373779,
								"z": 0.6466000080108643
							}
						},
						"dynVisualFqn": {
							"Id": "4611686038125770001",
							"type": "String",
							"value": "/art/static/area/oss_ossus/arch/oss_arch_temple_attachment_pieces_trim.gr2"
						},
						"dynVisualName": {
							"Id": "4611686039107870012",
							"type": "String",
							"value": "oss_arch_temple_attachment_pieces_trim1234567891011121314151617181920212223"
						},
						"4611686309241734002": {
							"Id": "4611686309241734002",
							"type": "LookupList",
							"value": {
								"On": {
									"Id": "On",
									"type": "Class",
									"value": {
										"dynState": {
											"Id": "4611686038108070002",
											"type": "Integer",
											"value": "3"
										}
									}
								}
							}
						},
						"4611686309969034000": {
							"Id": "4611686309969034000",
							"type": "Boolean",
							"value": ""
						},
						"4611686359083027001": {
							"Id": "4611686359083027001",
							"type": "Enum",
							"value": "dynPropTypeGR2"
						},
						"4611686359132287000": {
							"Id": "4611686359132287000",
							"type": "LookupList",
							"value": {
								"13216694345345269136": {
									"Id": "13216694345345269136",
									"type": "String",
									"value": ""
								},
								"16009831945395381178": {
									"Id": "16009831945395381178",
									"type": "String",
									"value": "CASTING_ALWAYS"
								},
								"18381402898764148109": {
									"Id": "18381402898764148109",
									"type": "String",
									"value": "CASTING_ALWAYS"
								}
							}
						},
						"4611686359132287001": {
							"Id": "4611686359132287001",
							"type": "LookupList",
							"value": {}
						},
						"4611686359132287002": {
							"Id": "4611686359132287002",
							"type": "LookupList",
							"value": {}
						},
						"4611686359132287003": {
							"Id": "4611686359132287003",
							"type": "LookupList",
							"value": {}
						},
						"4611686359132287004": {
							"Id": "4611686359132287004",
							"type": "LookupList",
							"value": {}
						}
					}
				],
				"type": "Class"
			}
		},
		"dynStateNameToListOfVisualStates": {
			"Id": "4611686038108070012",
			"type": "LookupList",
			"value": {
				"On": {
					"Id": "On",
					"type": "List",
					"value": {
						"list": [
							{
								"dynState": {
									"Id": "4611686038108070002",
									"type": "Integer",
									"value": "3"
								}
							},
							{
								"dynState": {
									"Id": "4611686038108070002",
									"type": "Integer",
									"value": "3"
								}
							},
							{
								"dynState": {
									"Id": "4611686038108070002",
									"type": "Integer",
									"value": "3"
								}
							},
							{
								"dynState": {
									"Id": "4611686038108070002",
									"type": "Integer",
									"value": "3"
								}
							},
							{
								"dynState": {
									"Id": "4611686038108070002",
									"type": "Integer",
									"value": "3"
								}
							},
							{
								"dynState": {
									"Id": "4611686038108070002",
									"type": "Integer",
									"value": "3"
								}
							},
							{
								"dynState": {
									"Id": "4611686038108070002",
									"type": "Integer",
									"value": "3"
								}
							},
							{
								"dynState": {
									"Id": "4611686038108070002",
									"type": "Integer",
									"value": "3"
								}
							},
							{
								"dynState": {
									"Id": "4611686038108070002",
									"type": "Integer",
									"value": "3"
								}
							},
							{
								"dynState": {
									"Id": "4611686038108070002",
									"type": "Integer",
									"value": "3"
								}
							},
							{
								"dynState": {
									"Id": "4611686038108070002",
									"type": "Integer",
									"value": "3"
								}
							},
							{
								"dynState": {
									"Id": "4611686038108070002",
									"type": "Integer",
									"value": "3"
								}
							},
							{
								"dynState": {
									"Id": "4611686038108070002",
									"type": "Integer",
									"value": "3"
								}
							},
							{
								"dynState": {
									"Id": "4611686038108070002",
									"type": "Integer",
									"value": "3"
								}
							},
							{
								"dynState": {
									"Id": "4611686038108070002",
									"type": "Integer",
									"value": "3"
								}
							},
							{},
							{
								"dynState": {
									"Id": "4611686038108070002",
									"type": "Integer",
									"value": "3"
								}
							},
							{
								"dynState": {
									"Id": "4611686038108070002",
									"type": "Integer",
									"value": "3"
								}
							},
							{
								"dynState": {
									"Id": "4611686038108070002",
									"type": "Integer",
									"value": "3"
								}
							},
							{
								"dynState": {
									"Id": "4611686038108070002",
									"type": "Integer",
									"value": "3"
								}
							},
							{
								"dynState": {
									"Id": "4611686038108070002",
									"type": "Integer",
									"value": "3"
								}
							},
							{
								"dynState": {
									"Id": "4611686038108070002",
									"type": "Integer",
									"value": "3"
								}
							},
							{
								"dynState": {
									"Id": "4611686038108070002",
									"type": "Integer",
									"value": "3"
								}
							},
							{
								"dynState": {
									"Id": "4611686038108070002",
									"type": "Integer",
									"value": "3"
								}
							},
							{
								"dynState": {
									"Id": "4611686038108070002",
									"type": "Integer",
									"value": "3"
								}
							},
							{
								"dynState": {
									"Id": "4611686038108070002",
									"type": "Integer",
									"value": "3"
								}
							},
							{
								"dynState": {
									"Id": "4611686038108070002",
									"type": "Integer",
									"value": "3"
								}
							},
							{
								"dynState": {
									"Id": "4611686038108070002",
									"type": "Integer",
									"value": "3"
								}
							},
							{
								"dynState": {
									"Id": "4611686038108070002",
									"type": "Integer",
									"value": "3"
								}
							},
							{
								"dynState": {
									"Id": "4611686038108070002",
									"type": "Integer",
									"value": "3"
								}
							},
							{
								"dynState": {
									"Id": "4611686038108070002",
									"type": "Integer",
									"value": "3"
								}
							},
							{
								"dynState": {
									"Id": "4611686038108070002",
									"type": "Integer",
									"value": "3"
								}
							},
							{
								"dynState": {
									"Id": "4611686038108070002",
									"type": "Integer",
									"value": "3"
								}
							},
							{
								"dynState": {
									"Id": "4611686038108070002",
									"type": "Integer",
									"value": "3"
								}
							},
							{
								"dynState": {
									"Id": "4611686038108070002",
									"type": "Integer",
									"value": "3"
								}
							},
							{
								"dynState": {
									"Id": "4611686038108070002",
									"type": "Integer",
									"value": "3"
								}
							}
						],
						"type": "Class"
					}
				}
			}
		},
		"dynFqn": {
			"Id": "4611686044100470019",
			"type": "String",
			"value": "dyn.daily_area.ossus_lair.deco.large_floor_statue_female"
		}
	}
}