{
	"dynPlaceable": {
		"dynVisualList": {
			"Id": "4611686038108070010",
			"type": "List",
			"value": {
				"list": [
					{
						"dynScale": {
							"Id": "4611686038108070007",
							"type": "Vector3",
							"value": {
								"x": 1.0663000345230103,
								"y": 1.0699000358581543,
								"z": 1.0663000345230103
							}
						},
						"dynVisualFqn": {
							"Id": "4611686038125770001",
							"type": "String",
							"value": "/art/static/area/iok_iokath/arch/iok_arch_ext_hexfloor_ramp_end.gr2"
						},
						"dynVisualName": {
							"Id": "4611686039107870012",
							"type": "String",
							"value": "obj_base"
						},
						"4611686309241734002": {
							"Id": "4611686309241734002",
							"type": "LookupList",
							"value": {
								"Closed": {
									"Id": "Closed",
									"type": "Class",
									"value": {
										"dynState": {
											"Id": "4611686038108070002",
											"type": "Integer",
											"value": "3"
										}
									}
								},
								"Closing": {
									"Id": "Closing",
									"type": "Class",
									"value": {
										"dynState": {
											"Id": "4611686038108070002",
											"type": "Integer",
											"value": "3"
										}
									}
								},
								"Open": {
									"Id": "Open",
									"type": "Class",
									"value": {
										"dynState": {
											"Id": "4611686038108070002",
											"type": "Integer",
											"value": "3"
										}
									}
								},
								"Opening": {
									"Id": "Opening",
									"type": "Class",
									"value": {
										"dynState": {
											"Id": "4611686038108070002",
											"type": "Integer",
											"value": "3"
										}
									}
								}
							}
						},
						"4611686309969034000": {
							"Id": "4611686309969034000",
							"type": "Boolean",
							"value": ""
						},
						"4611686359083027001": {
							"Id": "4611686359083027001",
							"type": "Enum",
							"value": "dynPropTypeGR2"
						},
						"4611686359132287000": {
							"Id": "4611686359132287000",
							"type": "LookupList",
							"value": {
								"13216694345345269136": {
									"Id": "13216694345345269136",
									"type": "String",
									"value": ""
								},
								"16009831945395381178": {
									"Id": "16009831945395381178",
									"type": "String",
									"value": "CASTING_ALWAYS"
								},
								"18381402898764148109": {
									"Id": "18381402898764148109",
									"type": "String",
									"value": "CASTING_ALWAYS"
								}
							}
						},
						"4611686359132287001": {
							"Id": "4611686359132287001",
							"type": "LookupList",
							"value": {}
						},
						"4611686359132287002": {
							"Id": "4611686359132287002",
							"type": "LookupList",
							"value": {}
						},
						"4611686359132287003": {
							"Id": "4611686359132287003",
							"type": "LookupList",
							"value": {}
						},
						"4611686359132287004": {
							"Id": "4611686359132287004",
							"type": "LookupList",
							"value": {}
						}
					},
					{
						"dynPosition": {
							"Id": "4611686038108070005",
							"type": "Vector3",
							"value": {
								"x": 0.32010000944137573,
								"y": 0.014299999922513962,
								"z": 0.002099999925121665
							}
						},
						"dynRotation": {
							"Id": "4611686038108070006",
							"type": "Vector3",
							"value": {
								"x": 0,
								"y": -180,
								"z": 0
							}
						},
						"dynScale": {
							"Id": "4611686038108070007",
							"type": "Vector3",
							"value": {
								"x": 1,
								"y": 1,
								"z": 1
							}
						},
						"dynVisualFqn": {
							"Id": "4611686038125770001",
							"type": "String",
							"value": "/art/static/area/iok_iokath/arch/iok_arch_scaffolding_railing_02.gr2"
						},
						"dynVisualName": {
							"Id": "4611686039107870012",
							"type": "String",
							"value": "obj_railling_1"
						},
						"4611686309241734002": {
							"Id": "4611686309241734002",
							"type": "LookupList",
							"value": {
								"Closed": {
									"Id": "Closed",
									"type": "Class",
									"value": {
										"dynState": {
											"Id": "4611686038108070002",
											"type": "Integer",
											"value": "3"
										}
									}
								},
								"Closing": {
									"Id": "Closing",
									"type": "Class",
									"value": {
										"dynState": {
											"Id": "4611686038108070002",
											"type": "Integer",
											"value": "2"
										}
									}
								},
								"Open": {
									"Id": "Open",
									"type": "Class",
									"value": {}
								},
								"Opening": {
									"Id": "Opening",
									"type": "Class",
									"value": {
										"dynState": {
											"Id": "4611686038108070002",
											"type": "Integer",
											"value": "2"
										}
									}
								}
							}
						},
						"4611686309969034000": {
							"Id": "4611686309969034000",
							"type": "Boolean",
							"value": ""
						},
						"4611686359083027001": {
							"Id": "4611686359083027001",
							"type": "Enum",
							"value": "dynPropTypeGR2"
						},
						"4611686359132287000": {
							"Id": "4611686359132287000",
							"type": "LookupList",
							"value": {
								"13216694345345269136": {
									"Id": "13216694345345269136",
									"type": "String",
									"value": ""
								},
								"16009831945395381178": {
									"Id": "16009831945395381178",
									"type": "String",
									"value": "CASTING_ALWAYS"
								},
								"18381402898764148109": {
									"Id": "18381402898764148109",
									"type": "String",
									"value": "CASTING_ALWAYS"
								}
							}
						},
						"4611686359132287001": {
							"Id": "4611686359132287001",
							"type": "LookupList",
							"value": {}
						},
						"4611686359132287002": {
							"Id": "4611686359132287002",
							"type": "LookupList",
							"value": {}
						},
						"4611686359132287003": {
							"Id": "4611686359132287003",
							"type": "LookupList",
							"value": {}
						},
						"4611686359132287004": {
							"Id": "4611686359132287004",
							"type": "LookupList",
							"value": {}
						}
					},
					{
						"dynPosition": {
							"Id": "4611686038108070005",
							"type": "Vector3",
							"value": {
								"x": -0.32190001010894775,
								"y": 0.014299999922513962,
								"z": 0.002099999925121665
							}
						},
						"dynRotation": {
							"Id": "4611686038108070006",
							"type": "Vector3",
							"value": {
								"x": 0,
								"y": -180,
								"z": 0
							}
						},
						"dynScale": {
							"Id": "4611686038108070007",
							"type": "Vector3",
							"value": {
								"x": 1,
								"y": 1,
								"z": 1
							}
						},
						"dynVisualFqn": {
							"Id": "4611686038125770001",
							"type": "String",
							"value": "/art/static/area/iok_iokath/arch/iok_arch_scaffolding_railing_02.gr2"
						},
						"dynVisualName": {
							"Id": "4611686039107870012",
							"type": "String",
							"value": "obj_railing_2"
						},
						"4611686309241734002": {
							"Id": "4611686309241734002",
							"type": "LookupList",
							"value": {
								"Closed": {
									"Id": "Closed",
									"type": "Class",
									"value": {
										"dynState": {
											"Id": "4611686038108070002",
											"type": "Integer",
											"value": "3"
										}
									}
								},
								"Closing": {
									"Id": "Closing",
									"type": "Class",
									"value": {
										"dynState": {
											"Id": "4611686038108070002",
											"type": "Integer",
											"value": "2"
										}
									}
								},
								"Open": {
									"Id": "Open",
									"type": "Class",
									"value": {}
								},
								"Opening": {
									"Id": "Opening",
									"type": "Class",
									"value": {
										"dynState": {
											"Id": "4611686038108070002",
											"type": "Integer",
											"value": "2"
										}
									}
								}
							}
						},
						"4611686309969034000": {
							"Id": "4611686309969034000",
							"type": "Boolean",
							"value": ""
						},
						"4611686359083027001": {
							"Id": "4611686359083027001",
							"type": "Enum",
							"value": "dynPropTypeGR2"
						},
						"4611686359132287000": {
							"Id": "4611686359132287000",
							"type": "LookupList",
							"value": {
								"13216694345345269136": {
									"Id": "13216694345345269136",
									"type": "String",
									"value": ""
								},
								"16009831945395381178": {
									"Id": "16009831945395381178",
									"type": "String",
									"value": "CASTING_ALWAYS"
								},
								"18381402898764148109": {
									"Id": "18381402898764148109",
									"type": "String",
									"value": "CASTING_ALWAYS"
								}
							}
						},
						"4611686359132287001": {
							"Id": "4611686359132287001",
							"type": "LookupList",
							"value": {}
						},
						"4611686359132287002": {
							"Id": "4611686359132287002",
							"type": "LookupList",
							"value": {}
						},
						"4611686359132287003": {
							"Id": "4611686359132287003",
							"type": "LookupList",
							"value": {}
						},
						"4611686359132287004": {
							"Id": "4611686359132287004",
							"type": "LookupList",
							"value": {}
						}
					},
					{
						"dynPosition": {
							"Id": "4611686038108070005",
							"type": "Vector3",
							"value": {
								"x": -0.32190001010894775,
								"y": 0.014299999922513962,
								"z": 0.002099999925121665
							}
						},
						"dynScale": {
							"Id": "4611686038108070007",
							"type": "Vector3",
							"value": {
								"x": 1,
								"y": 1,
								"z": 1
							}
						},
						"dynVisualFqn": {
							"Id": "4611686038125770001",
							"type": "String",
							"value": "/worlddesign/daily_area/iokath/barricade_rise.fxspec"
						},
						"dynVisualName": {
							"Id": "4611686039107870012",
							"type": "String",
							"value": "fx_railing_2_rise"
						},
						"4611686309241734002": {
							"Id": "4611686309241734002",
							"type": "LookupList",
							"value": {
								"Closed": {
									"Id": "Closed",
									"type": "Class",
									"value": {}
								},
								"Closing": {
									"Id": "Closing",
									"type": "Class",
									"value": {
										"dynState": {
											"Id": "4611686038108070002",
											"type": "Integer",
											"value": "1"
										}
									}
								},
								"Open": {
									"Id": "Open",
									"type": "Class",
									"value": {}
								},
								"Opening": {
									"Id": "Opening",
									"type": "Class",
									"value": {}
								}
							}
						},
						"4611686359083027001": {
							"Id": "4611686359083027001",
							"type": "Enum",
							"value": "dynPropTypeFx"
						},
						"4611686359132287000": {
							"Id": "4611686359132287000",
							"type": "LookupList",
							"value": {
								"11301984068485320259": {
									"Id": "11301984068485320259",
									"type": "String",
									"value": ""
								},
								"13714447992837971661": {
									"Id": "13714447992837971661",
									"type": "String",
									"value": "FxStopsItself"
								}
							}
						},
						"4611686359132287001": {
							"Id": "4611686359132287001",
							"type": "LookupList",
							"value": {}
						},
						"4611686359132287002": {
							"Id": "4611686359132287002",
							"type": "LookupList",
							"value": {
								"4286554582109872652": {
									"Id": "4286554582109872652",
									"type": "Float",
									"value": ""
								},
								"7901562086685967299": {
									"Id": "7901562086685967299",
									"type": "Float",
									"value": ""
								},
								"14178477860418805427": {
									"Id": "14178477860418805427",
									"type": "Float",
									"value": ""
								},
								"18162645580767177861": {
									"Id": "18162645580767177861",
									"type": "Float",
									"value": ""
								}
							}
						},
						"4611686359132287003": {
							"Id": "4611686359132287003",
							"type": "LookupList",
							"value": {
								"371107773437710760": {
									"Id": "371107773437710760",
									"type": "Vector3",
									"value": {
										"x": 0,
										"y": 0,
										"z": 0
									}
								}
							}
						},
						"4611686359132287004": {
							"Id": "4611686359132287004",
							"type": "LookupList",
							"value": {
								"13118740165362822115": {
									"Id": "13118740165362822115",
									"type": "Boolean",
									"value": ""
								},
								"17002794492307211841": {
									"Id": "17002794492307211841",
									"type": "Boolean",
									"value": ""
								}
							}
						}
					},
					{
						"dynPosition": {
							"Id": "4611686038108070005",
							"type": "Vector3",
							"value": {
								"x": 0.32010000944137573,
								"y": 0.014299999922513962,
								"z": 0.002099999925121665
							}
						},
						"dynScale": {
							"Id": "4611686038108070007",
							"type": "Vector3",
							"value": {
								"x": 1,
								"y": 1,
								"z": 1
							}
						},
						"dynVisualFqn": {
							"Id": "4611686038125770001",
							"type": "String",
							"value": "/worlddesign/daily_area/iokath/barricade_rise.fxspec"
						},
						"dynVisualName": {
							"Id": "4611686039107870012",
							"type": "String",
							"value": "fx_railing_1_rise"
						},
						"4611686309241734002": {
							"Id": "4611686309241734002",
							"type": "LookupList",
							"value": {
								"Closed": {
									"Id": "Closed",
									"type": "Class",
									"value": {}
								},
								"Closing": {
									"Id": "Closing",
									"type": "Class",
									"value": {
										"dynState": {
											"Id": "4611686038108070002",
											"type": "Integer",
											"value": "1"
										}
									}
								},
								"Open": {
									"Id": "Open",
									"type": "Class",
									"value": {}
								},
								"Opening": {
									"Id": "Opening",
									"type": "Class",
									"value": {}
								}
							}
						},
						"4611686359083027001": {
							"Id": "4611686359083027001",
							"type": "Enum",
							"value": "dynPropTypeFx"
						},
						"4611686359132287000": {
							"Id": "4611686359132287000",
							"type": "LookupList",
							"value": {
								"11301984068485320259": {
									"Id": "11301984068485320259",
									"type": "String",
									"value": ""
								},
								"13714447992837971661": {
									"Id": "13714447992837971661",
									"type": "String",
									"value": "FxStopsItself"
								}
							}
						},
						"4611686359132287001": {
							"Id": "4611686359132287001",
							"type": "LookupList",
							"value": {}
						},
						"4611686359132287002": {
							"Id": "4611686359132287002",
							"type": "LookupList",
							"value": {
								"4286554582109872652": {
									"Id": "4286554582109872652",
									"type": "Float",
									"value": ""
								},
								"7901562086685967299": {
									"Id": "7901562086685967299",
									"type": "Float",
									"value": ""
								},
								"14178477860418805427": {
									"Id": "14178477860418805427",
									"type": "Float",
									"value": ""
								},
								"18162645580767177861": {
									"Id": "18162645580767177861",
									"type": "Float",
									"value": ""
								}
							}
						},
						"4611686359132287003": {
							"Id": "4611686359132287003",
							"type": "LookupList",
							"value": {
								"371107773437710760": {
									"Id": "371107773437710760",
									"type": "Vector3",
									"value": {
										"x": 0,
										"y": 0,
										"z": 0
									}
								}
							}
						},
						"4611686359132287004": {
							"Id": "4611686359132287004",
							"type": "LookupList",
							"value": {
								"13118740165362822115": {
									"Id": "13118740165362822115",
									"type": "Boolean",
									"value": ""
								},
								"17002794492307211841": {
									"Id": "17002794492307211841",
									"type": "Boolean",
									"value": ""
								}
							}
						}
					},
					{
						"dynPosition": {
							"Id": "4611686038108070005",
							"type": "Vector3",
							"value": {
								"x": 0.32010000944137573,
								"y": 0.014299999922513962,
								"z": 0.002099999925121665
							}
						},
						"dynScale": {
							"Id": "4611686038108070007",
							"type": "Vector3",
							"value": {
								"x": 1,
								"y": 1,
								"z": 1
							}
						},
						"dynVisualFqn": {
							"Id": "4611686038125770001",
							"type": "String",
							"value": "/worlddesign/daily_area/iokath/barricade_lower.fxspec"
						},
						"dynVisualName": {
							"Id": "4611686039107870012",
							"type": "String",
							"value": "fx_railing_1_lower"
						},
						"4611686309241734002": {
							"Id": "4611686309241734002",
							"type": "LookupList",
							"value": {
								"Closed": {
									"Id": "Closed",
									"type": "Class",
									"value": {}
								},
								"Closing": {
									"Id": "Closing",
									"type": "Class",
									"value": {}
								},
								"Open": {
									"Id": "Open",
									"type": "Class",
									"value": {}
								},
								"Opening": {
									"Id": "Opening",
									"type": "Class",
									"value": {
										"dynState": {
											"Id": "4611686038108070002",
											"type": "Integer",
											"value": "1"
										}
									}
								}
							}
						},
						"4611686359083027001": {
							"Id": "4611686359083027001",
							"type": "Enum",
							"value": "dynPropTypeFx"
						},
						"4611686359132287000": {
							"Id": "4611686359132287000",
							"type": "LookupList",
							"value": {
								"11301984068485320259": {
									"Id": "11301984068485320259",
									"type": "String",
									"value": ""
								},
								"13714447992837971661": {
									"Id": "13714447992837971661",
									"type": "String",
									"value": "FxStopsItself"
								}
							}
						},
						"4611686359132287001": {
							"Id": "4611686359132287001",
							"type": "LookupList",
							"value": {}
						},
						"4611686359132287002": {
							"Id": "4611686359132287002",
							"type": "LookupList",
							"value": {
								"4286554582109872652": {
									"Id": "4286554582109872652",
									"type": "Float",
									"value": ""
								},
								"7901562086685967299": {
									"Id": "7901562086685967299",
									"type": "Float",
									"value": ""
								},
								"14178477860418805427": {
									"Id": "14178477860418805427",
									"type": "Float",
									"value": ""
								},
								"18162645580767177861": {
									"Id": "18162645580767177861",
									"type": "Float",
									"value": ""
								}
							}
						},
						"4611686359132287003": {
							"Id": "4611686359132287003",
							"type": "LookupList",
							"value": {
								"371107773437710760": {
									"Id": "371107773437710760",
									"type": "Vector3",
									"value": {
										"x": 0,
										"y": 0,
										"z": 0
									}
								}
							}
						},
						"4611686359132287004": {
							"Id": "4611686359132287004",
							"type": "LookupList",
							"value": {
								"13118740165362822115": {
									"Id": "13118740165362822115",
									"type": "Boolean",
									"value": ""
								},
								"17002794492307211841": {
									"Id": "17002794492307211841",
									"type": "Boolean",
									"value": ""
								}
							}
						}
					},
					{
						"dynPosition": {
							"Id": "4611686038108070005",
							"type": "Vector3",
							"value": {
								"x": -0.32190001010894775,
								"y": 0.014299999922513962,
								"z": 0.002099999925121665
							}
						},
						"dynScale": {
							"Id": "4611686038108070007",
							"type": "Vector3",
							"value": {
								"x": 1,
								"y": 1,
								"z": 1
							}
						},
						"dynVisualFqn": {
							"Id": "4611686038125770001",
							"type": "String",
							"value": "/worlddesign/daily_area/iokath/barricade_lower.fxspec"
						},
						"dynVisualName": {
							"Id": "4611686039107870012",
							"type": "String",
							"value": "fx_railing_2_lower"
						},
						"4611686309241734002": {
							"Id": "4611686309241734002",
							"type": "LookupList",
							"value": {
								"Closed": {
									"Id": "Closed",
									"type": "Class",
									"value": {}
								},
								"Closing": {
									"Id": "Closing",
									"type": "Class",
									"value": {}
								},
								"Open": {
									"Id": "Open",
									"type": "Class",
									"value": {}
								},
								"Opening": {
									"Id": "Opening",
									"type": "Class",
									"value": {
										"dynState": {
											"Id": "4611686038108070002",
											"type": "Integer",
											"value": "1"
										}
									}
								}
							}
						},
						"4611686359083027001": {
							"Id": "4611686359083027001",
							"type": "Enum",
							"value": "dynPropTypeFx"
						},
						"4611686359132287000": {
							"Id": "4611686359132287000",
							"type": "LookupList",
							"value": {
								"11301984068485320259": {
									"Id": "11301984068485320259",
									"type": "String",
									"value": ""
								},
								"13714447992837971661": {
									"Id": "13714447992837971661",
									"type": "String",
									"value": "FxStopsItself"
								}
							}
						},
						"4611686359132287001": {
							"Id": "4611686359132287001",
							"type": "LookupList",
							"value": {}
						},
						"4611686359132287002": {
							"Id": "4611686359132287002",
							"type": "LookupList",
							"value": {
								"4286554582109872652": {
									"Id": "4286554582109872652",
									"type": "Float",
									"value": ""
								},
								"7901562086685967299": {
									"Id": "7901562086685967299",
									"type": "Float",
									"value": ""
								},
								"14178477860418805427": {
									"Id": "14178477860418805427",
									"type": "Float",
									"value": ""
								},
								"18162645580767177861": {
									"Id": "18162645580767177861",
									"type": "Float",
									"value": ""
								}
							}
						},
						"4611686359132287003": {
							"Id": "4611686359132287003",
							"type": "LookupList",
							"value": {
								"371107773437710760": {
									"Id": "371107773437710760",
									"type": "Vector3",
									"value": {
										"x": 0,
										"y": 0,
										"z": 0
									}
								}
							}
						},
						"4611686359132287004": {
							"Id": "4611686359132287004",
							"type": "LookupList",
							"value": {
								"13118740165362822115": {
									"Id": "13118740165362822115",
									"type": "Boolean",
									"value": ""
								},
								"17002794492307211841": {
									"Id": "17002794492307211841",
									"type": "Boolean",
									"value": ""
								}
							}
						}
					}
				],
				"type": "Class"
			}
		},
		"dynStateNameToListOfVisualStates": {
			"Id": "4611686038108070012",
			"type": "LookupList",
			"value": {
				"Closed": {
					"Id": "Closed",
					"type": "List",
					"value": {
						"list": [
							{
								"dynState": {
									"Id": "4611686038108070002",
									"type": "Integer",
									"value": "3"
								}
							},
							{
								"dynState": {
									"Id": "4611686038108070002",
									"type": "Integer",
									"value": "3"
								}
							},
							{
								"dynState": {
									"Id": "4611686038108070002",
									"type": "Integer",
									"value": "3"
								}
							},
							{},
							{},
							{},
							{}
						],
						"type": "Class"
					}
				},
				"Closing": {
					"Id": "Closing",
					"type": "List",
					"value": {
						"list": [
							{
								"dynState": {
									"Id": "4611686038108070002",
									"type": "Integer",
									"value": "3"
								}
							},
							{
								"dynState": {
									"Id": "4611686038108070002",
									"type": "Integer",
									"value": "2"
								}
							},
							{
								"dynState": {
									"Id": "4611686038108070002",
									"type": "Integer",
									"value": "2"
								}
							},
							{
								"dynState": {
									"Id": "4611686038108070002",
									"type": "Integer",
									"value": "1"
								}
							},
							{
								"dynState": {
									"Id": "4611686038108070002",
									"type": "Integer",
									"value": "1"
								}
							},
							{},
							{}
						],
						"type": "Class"
					}
				},
				"Open": {
					"Id": "Open",
					"type": "List",
					"value": {
						"list": [
							{
								"dynState": {
									"Id": "4611686038108070002",
									"type": "Integer",
									"value": "3"
								}
							},
							{},
							{},
							{},
							{},
							{},
							{}
						],
						"type": "Class"
					}
				},
				"Opening": {
					"Id": "Opening",
					"type": "List",
					"value": {
						"list": [
							{
								"dynState": {
									"Id": "4611686038108070002",
									"type": "Integer",
									"value": "3"
								}
							},
							{
								"dynState": {
									"Id": "4611686038108070002",
									"type": "Integer",
									"value": "2"
								}
							},
							{
								"dynState": {
									"Id": "4611686038108070002",
									"type": "Integer",
									"value": "2"
								}
							},
							{},
							{},
							{
								"dynState": {
									"Id": "4611686038108070002",
									"type": "Integer",
									"value": "1"
								}
							},
							{
								"dynState": {
									"Id": "4611686038108070002",
									"type": "Integer",
									"value": "1"
								}
							}
						],
						"type": "Class"
					}
				}
			}
		},
		"dynEventStates": {
			"Id": "4611686038389870003",
			"type": "List",
			"value": {
				"list": [
					{
						"dynFromState": {
							"Id": "4611686038389870000",
							"type": "String",
							"value": "Open"
						},
						"dynToState": {
							"Id": "4611686038389870001",
							"type": "String",
							"value": "Closed"
						},
						"dyncalledEvent": {
							"Id": "4611686038389870004",
							"type": "String",
							"value": "On Custom:Open-Closed"
						}
					},
					{
						"dynFromState": {
							"Id": "4611686038389870000",
							"type": "String",
							"value": "Closed"
						},
						"dynToState": {
							"Id": "4611686038389870001",
							"type": "String",
							"value": "Open"
						},
						"dyncalledEvent": {
							"Id": "4611686038389870004",
							"type": "String",
							"value": "On Custom:Closed-Open"
						}
					}
				],
				"type": "Class"
			}
		},
		"dynFqn": {
			"Id": "4611686044100470019",
			"type": "String",
			"value": "dyn.daily_area.iokath.world.mission_2.barricade"
		},
		"dynRelatedHydra": {
			"Id": "4611686062713031202",
			"type": "ID",
			"value": "16141022253178664885"
		},
		"4611686074629095284": {
			"Id": "4611686074629095284",
			"type": "LookupList",
			"value": {
				"Closed": {
					"Id": "Closed",
					"type": "Enum",
					"value": "2"
				},
				"Closing": {
					"Id": "Closing",
					"type": "Enum",
					"value": "2"
				},
				"Open": {
					"Id": "Open",
					"type": "Enum",
					"value": "3"
				},
				"Opening": {
					"Id": "Opening",
					"type": "Enum",
					"value": "2"
				}
			}
		}
	}
}