{
	"dynPlaceable": {
		"dynVisualList": {
			"Id": "4611686038108070010",
			"type": "List",
			"value": {
				"list": [
					{
						"dynScale": {
							"Id": "4611686038108070007",
							"type": "Vector3",
							"value": {
								"x": 0.23999999463558197,
								"y": 0.23999999463558197,
								"z": 0.23999999463558197
							}
						},
						"dynVisualFqn": {
							"Id": "4611686038125770001",
							"type": "String",
							"value": "/art/static/area/yav_yavin4/item/yav_item_bronze_symbol_02.gr2"
						},
						"dynVisualName": {
							"Id": "4611686039107870012",
							"type": "String",
							"value": "yav_item_bronze_symbol_02"
						},
						"4611686309241734002": {
							"Id": "4611686309241734002",
							"type": "LookupList",
							"value": {
								"Off": {
									"Id": "Off",
									"type": "Class",
									"value": {}
								},
								"Rune_1": {
									"Id": "Rune_1",
									"type": "Class",
									"value": {}
								},
								"Rune_1_Usable": {
									"Id": "Rune_1_Usable",
									"type": "Class",
									"value": {}
								},
								"Rune_2": {
									"Id": "Rune_2",
									"type": "Class",
									"value": {
										"dynState": {
											"Id": "4611686038108070002",
											"type": "Integer",
											"value": "1"
										}
									}
								},
								"Rune_2_Usable": {
									"Id": "Rune_2_Usable",
									"type": "Class",
									"value": {
										"dynState": {
											"Id": "4611686038108070002",
											"type": "Integer",
											"value": "69"
										}
									}
								},
								"Rune_3": {
									"Id": "Rune_3",
									"type": "Class",
									"value": {}
								},
								"Rune_3_Usable": {
									"Id": "Rune_3_Usable",
									"type": "Class",
									"value": {}
								},
								"Rune_4": {
									"Id": "Rune_4",
									"type": "Class",
									"value": {}
								},
								"Rune_4_Usable": {
									"Id": "Rune_4_Usable",
									"type": "Class",
									"value": {}
								}
							}
						},
						"4611686309969034001": {
							"Id": "4611686309969034001",
							"type": "Boolean",
							"value": ""
						},
						"4611686359083027001": {
							"Id": "4611686359083027001",
							"type": "Enum",
							"value": "dynPropTypeGR2"
						},
						"4611686359132287000": {
							"Id": "4611686359132287000",
							"type": "LookupList",
							"value": {
								"13216694345345269136": {
									"Id": "13216694345345269136",
									"type": "String",
									"value": ""
								},
								"16009831945395381178": {
									"Id": "16009831945395381178",
									"type": "String",
									"value": "ALWAYS"
								},
								"18381402898764148109": {
									"Id": "18381402898764148109",
									"type": "String",
									"value": "ALWAYS"
								}
							}
						},
						"4611686359132287001": {
							"Id": "4611686359132287001",
							"type": "LookupList",
							"value": {}
						},
						"4611686359132287002": {
							"Id": "4611686359132287002",
							"type": "LookupList",
							"value": {}
						},
						"4611686359132287003": {
							"Id": "4611686359132287003",
							"type": "LookupList",
							"value": {}
						},
						"4611686359132287004": {
							"Id": "4611686359132287004",
							"type": "LookupList",
							"value": {}
						}
					},
					{
						"dynPosition": {
							"Id": "4611686038108070005",
							"type": "Vector3",
							"value": {
								"x": 0,
								"y": 0.00004999999873689376,
								"z": 0
							}
						},
						"dynScale": {
							"Id": "4611686038108070007",
							"type": "Vector3",
							"value": {
								"x": 0.23999999463558197,
								"y": 0.23999999463558197,
								"z": 0.23999999463558197
							}
						},
						"dynVisualFqn": {
							"Id": "4611686038125770001",
							"type": "String",
							"value": "/art/static/area/yav_yavin4/item/yav_item_bronze_symbol_03.gr2"
						},
						"dynVisualName": {
							"Id": "4611686039107870012",
							"type": "String",
							"value": "yav_item_bronze_symbol_03"
						},
						"4611686309241734002": {
							"Id": "4611686309241734002",
							"type": "LookupList",
							"value": {
								"Off": {
									"Id": "Off",
									"type": "Class",
									"value": {}
								},
								"Rune_1": {
									"Id": "Rune_1",
									"type": "Class",
									"value": {}
								},
								"Rune_1_Usable": {
									"Id": "Rune_1_Usable",
									"type": "Class",
									"value": {}
								},
								"Rune_2": {
									"Id": "Rune_2",
									"type": "Class",
									"value": {}
								},
								"Rune_2_Usable": {
									"Id": "Rune_2_Usable",
									"type": "Class",
									"value": {}
								},
								"Rune_3": {
									"Id": "Rune_3",
									"type": "Class",
									"value": {
										"dynState": {
											"Id": "4611686038108070002",
											"type": "Integer",
											"value": "1"
										}
									}
								},
								"Rune_3_Usable": {
									"Id": "Rune_3_Usable",
									"type": "Class",
									"value": {
										"dynState": {
											"Id": "4611686038108070002",
											"type": "Integer",
											"value": "69"
										}
									}
								},
								"Rune_4": {
									"Id": "Rune_4",
									"type": "Class",
									"value": {}
								},
								"Rune_4_Usable": {
									"Id": "Rune_4_Usable",
									"type": "Class",
									"value": {}
								}
							}
						},
						"4611686309969034001": {
							"Id": "4611686309969034001",
							"type": "Boolean",
							"value": ""
						},
						"4611686359083027001": {
							"Id": "4611686359083027001",
							"type": "Enum",
							"value": "dynPropTypeGR2"
						},
						"4611686359132287000": {
							"Id": "4611686359132287000",
							"type": "LookupList",
							"value": {
								"13216694345345269136": {
									"Id": "13216694345345269136",
									"type": "String",
									"value": ""
								},
								"16009831945395381178": {
									"Id": "16009831945395381178",
									"type": "String",
									"value": "ALWAYS"
								},
								"18381402898764148109": {
									"Id": "18381402898764148109",
									"type": "String",
									"value": "ALWAYS"
								}
							}
						},
						"4611686359132287001": {
							"Id": "4611686359132287001",
							"type": "LookupList",
							"value": {}
						},
						"4611686359132287002": {
							"Id": "4611686359132287002",
							"type": "LookupList",
							"value": {}
						},
						"4611686359132287003": {
							"Id": "4611686359132287003",
							"type": "LookupList",
							"value": {}
						},
						"4611686359132287004": {
							"Id": "4611686359132287004",
							"type": "LookupList",
							"value": {}
						}
					},
					{
						"dynScale": {
							"Id": "4611686038108070007",
							"type": "Vector3",
							"value": {
								"x": 0.23999999463558197,
								"y": 0.23999999463558197,
								"z": 0.23999999463558197
							}
						},
						"dynVisualFqn": {
							"Id": "4611686038125770001",
							"type": "String",
							"value": "/art/static/area/yav_yavin4/item/yav_item_bronze_symbol_01.gr2"
						},
						"dynVisualName": {
							"Id": "4611686039107870012",
							"type": "String",
							"value": "yav_item_bronze_symbol_01"
						},
						"4611686309241734002": {
							"Id": "4611686309241734002",
							"type": "LookupList",
							"value": {
								"Off": {
									"Id": "Off",
									"type": "Class",
									"value": {}
								},
								"Rune_1": {
									"Id": "Rune_1",
									"type": "Class",
									"value": {
										"dynState": {
											"Id": "4611686038108070002",
											"type": "Integer",
											"value": "1"
										}
									}
								},
								"Rune_1_Usable": {
									"Id": "Rune_1_Usable",
									"type": "Class",
									"value": {
										"dynState": {
											"Id": "4611686038108070002",
											"type": "Integer",
											"value": "69"
										}
									}
								},
								"Rune_2": {
									"Id": "Rune_2",
									"type": "Class",
									"value": {}
								},
								"Rune_2_Usable": {
									"Id": "Rune_2_Usable",
									"type": "Class",
									"value": {}
								},
								"Rune_3": {
									"Id": "Rune_3",
									"type": "Class",
									"value": {}
								},
								"Rune_3_Usable": {
									"Id": "Rune_3_Usable",
									"type": "Class",
									"value": {}
								},
								"Rune_4": {
									"Id": "Rune_4",
									"type": "Class",
									"value": {}
								},
								"Rune_4_Usable": {
									"Id": "Rune_4_Usable",
									"type": "Class",
									"value": {}
								}
							}
						},
						"4611686309969034001": {
							"Id": "4611686309969034001",
							"type": "Boolean",
							"value": ""
						},
						"4611686359083027001": {
							"Id": "4611686359083027001",
							"type": "Enum",
							"value": "dynPropTypeGR2"
						},
						"4611686359132287000": {
							"Id": "4611686359132287000",
							"type": "LookupList",
							"value": {
								"13216694345345269136": {
									"Id": "13216694345345269136",
									"type": "String",
									"value": ""
								},
								"16009831945395381178": {
									"Id": "16009831945395381178",
									"type": "String",
									"value": "ALWAYS"
								},
								"18381402898764148109": {
									"Id": "18381402898764148109",
									"type": "String",
									"value": "ALWAYS"
								}
							}
						},
						"4611686359132287001": {
							"Id": "4611686359132287001",
							"type": "LookupList",
							"value": {}
						},
						"4611686359132287002": {
							"Id": "4611686359132287002",
							"type": "LookupList",
							"value": {}
						},
						"4611686359132287003": {
							"Id": "4611686359132287003",
							"type": "LookupList",
							"value": {}
						},
						"4611686359132287004": {
							"Id": "4611686359132287004",
							"type": "LookupList",
							"value": {}
						}
					},
					{
						"dynPosition": {
							"Id": "4611686038108070005",
							"type": "Vector3",
							"value": {
								"x": 0,
								"y": 0.00004999999873689376,
								"z": 0
							}
						},
						"dynScale": {
							"Id": "4611686038108070007",
							"type": "Vector3",
							"value": {
								"x": 0.23999999463558197,
								"y": 0.23999999463558197,
								"z": 0.23999999463558197
							}
						},
						"dynVisualFqn": {
							"Id": "4611686038125770001",
							"type": "String",
							"value": "/art/static/area/yav_yavin4/item/yav_item_bronze_symbol_04.gr2"
						},
						"dynVisualName": {
							"Id": "4611686039107870012",
							"type": "String",
							"value": "yav_item_bronze_symbol_04"
						},
						"4611686309241734002": {
							"Id": "4611686309241734002",
							"type": "LookupList",
							"value": {
								"Off": {
									"Id": "Off",
									"type": "Class",
									"value": {}
								},
								"Rune_1": {
									"Id": "Rune_1",
									"type": "Class",
									"value": {}
								},
								"Rune_1_Usable": {
									"Id": "Rune_1_Usable",
									"type": "Class",
									"value": {}
								},
								"Rune_2": {
									"Id": "Rune_2",
									"type": "Class",
									"value": {}
								},
								"Rune_2_Usable": {
									"Id": "Rune_2_Usable",
									"type": "Class",
									"value": {}
								},
								"Rune_3": {
									"Id": "Rune_3",
									"type": "Class",
									"value": {}
								},
								"Rune_3_Usable": {
									"Id": "Rune_3_Usable",
									"type": "Class",
									"value": {}
								},
								"Rune_4": {
									"Id": "Rune_4",
									"type": "Class",
									"value": {
										"dynState": {
											"Id": "4611686038108070002",
											"type": "Integer",
											"value": "1"
										}
									}
								},
								"Rune_4_Usable": {
									"Id": "Rune_4_Usable",
									"type": "Class",
									"value": {
										"dynState": {
											"Id": "4611686038108070002",
											"type": "Integer",
											"value": "69"
										}
									}
								}
							}
						},
						"4611686309969034001": {
							"Id": "4611686309969034001",
							"type": "Boolean",
							"value": ""
						},
						"4611686359083027001": {
							"Id": "4611686359083027001",
							"type": "Enum",
							"value": "dynPropTypeGR2"
						},
						"4611686359132287000": {
							"Id": "4611686359132287000",
							"type": "LookupList",
							"value": {
								"13216694345345269136": {
									"Id": "13216694345345269136",
									"type": "String",
									"value": ""
								},
								"16009831945395381178": {
									"Id": "16009831945395381178",
									"type": "String",
									"value": "ALWAYS"
								},
								"18381402898764148109": {
									"Id": "18381402898764148109",
									"type": "String",
									"value": "ALWAYS"
								}
							}
						},
						"4611686359132287001": {
							"Id": "4611686359132287001",
							"type": "LookupList",
							"value": {}
						},
						"4611686359132287002": {
							"Id": "4611686359132287002",
							"type": "LookupList",
							"value": {}
						},
						"4611686359132287003": {
							"Id": "4611686359132287003",
							"type": "LookupList",
							"value": {}
						},
						"4611686359132287004": {
							"Id": "4611686359132287004",
							"type": "LookupList",
							"value": {}
						}
					}
				],
				"type": "Class"
			}
		},
		"dynStateNameToListOfVisualStates": {
			"Id": "4611686038108070012",
			"type": "LookupList",
			"value": {
				"Off": {
					"Id": "Off",
					"type": "List",
					"value": {
						"list": [
							{},
							{},
							{},
							{}
						],
						"type": "Class"
					}
				},
				"Rune_1": {
					"Id": "Rune_1",
					"type": "List",
					"value": {
						"list": [
							{},
							{},
							{
								"dynState": {
									"Id": "4611686038108070002",
									"type": "Integer",
									"value": "1"
								}
							},
							{}
						],
						"type": "Class"
					}
				},
				"Rune_1_Usable": {
					"Id": "Rune_1_Usable",
					"type": "List",
					"value": {
						"list": [
							{},
							{},
							{
								"dynState": {
									"Id": "4611686038108070002",
									"type": "Integer",
									"value": "69"
								}
							},
							{}
						],
						"type": "Class"
					}
				},
				"Rune_2": {
					"Id": "Rune_2",
					"type": "List",
					"value": {
						"list": [
							{
								"dynState": {
									"Id": "4611686038108070002",
									"type": "Integer",
									"value": "1"
								}
							},
							{},
							{},
							{}
						],
						"type": "Class"
					}
				},
				"Rune_2_Usable": {
					"Id": "Rune_2_Usable",
					"type": "List",
					"value": {
						"list": [
							{
								"dynState": {
									"Id": "4611686038108070002",
									"type": "Integer",
									"value": "69"
								}
							},
							{},
							{},
							{}
						],
						"type": "Class"
					}
				},
				"Rune_3": {
					"Id": "Rune_3",
					"type": "List",
					"value": {
						"list": [
							{},
							{
								"dynState": {
									"Id": "4611686038108070002",
									"type": "Integer",
									"value": "1"
								}
							},
							{},
							{}
						],
						"type": "Class"
					}
				},
				"Rune_3_Usable": {
					"Id": "Rune_3_Usable",
					"type": "List",
					"value": {
						"list": [
							{},
							{
								"dynState": {
									"Id": "4611686038108070002",
									"type": "Integer",
									"value": "69"
								}
							},
							{},
							{}
						],
						"type": "Class"
					}
				},
				"Rune_4": {
					"Id": "Rune_4",
					"type": "List",
					"value": {
						"list": [
							{},
							{},
							{},
							{
								"dynState": {
									"Id": "4611686038108070002",
									"type": "Integer",
									"value": "1"
								}
							}
						],
						"type": "Class"
					}
				},
				"Rune_4_Usable": {
					"Id": "Rune_4_Usable",
					"type": "List",
					"value": {
						"list": [
							{},
							{},
							{},
							{
								"dynState": {
									"Id": "4611686038108070002",
									"type": "Integer",
									"value": "69"
								}
							}
						],
						"type": "Class"
					}
				}
			}
		},
		"dynFqn": {
			"Id": "4611686044100470019",
			"type": "String",
			"value": "dyn.alliance.yavin.talos.focus_runes"
		},
		"4611686298112784000": {
			"Id": "4611686298112784000",
			"type": "LookupList",
			"value": {
				"Rune_1_Usable": {
					"Id": "Rune_1_Usable",
					"type": "Boolean",
					"value": ""
				},
				"Rune_2_Usable": {
					"Id": "Rune_2_Usable",
					"type": "Boolean",
					"value": ""
				},
				"Rune_3_Usable": {
					"Id": "Rune_3_Usable",
					"type": "Boolean",
					"value": ""
				},
				"Rune_4_Usable": {
					"Id": "Rune_4_Usable",
					"type": "Boolean",
					"value": ""
				}
			}
		}
	}
}